solid fda_nozzle_wall
  facet normal 9.993908e-01 3.489950e-02 -0.000000e+00
    outer loop
      vertex 6.000000e-03 0.000000e+00 0.000000e+00
      vertex 5.985384e-03 4.185388e-04 0.000000e+00
      vertex 6.000000e-03 0.000000e+00 2.000000e-02
    endloop
  endfacet
  facet normal 9.993908e-01 3.489950e-02 -0.000000e+00
    outer loop
      vertex 5.985384e-03 4.185388e-04 0.000000e+00
      vertex 5.985384e-03 4.185388e-04 2.000000e-02
      vertex 6.000000e-03 0.000000e+00 2.000000e-02
    endloop
  endfacet
  facet normal 9.945219e-01 1.045285e-01 -0.000000e+00
    outer loop
      vertex 5.985384e-03 4.185388e-04 0.000000e+00
      vertex 5.941608e-03 8.350386e-04 0.000000e+00
      vertex 5.985384e-03 4.185388e-04 2.000000e-02
    endloop
  endfacet
  facet normal 9.945219e-01 1.045285e-01 -0.000000e+00
    outer loop
      vertex 5.941608e-03 8.350386e-04 0.000000e+00
      vertex 5.941608e-03 8.350386e-04 2.000000e-02
      vertex 5.985384e-03 4.185388e-04 2.000000e-02
    endloop
  endfacet
  facet normal 9.848078e-01 1.736482e-01 -0.000000e+00
    outer loop
      vertex 5.941608e-03 8.350386e-04 0.000000e+00
      vertex 5.868886e-03 1.247470e-03 0.000000e+00
      vertex 5.941608e-03 8.350386e-04 2.000000e-02
    endloop
  endfacet
  facet normal 9.848078e-01 1.736482e-01 -0.000000e+00
    outer loop
      vertex 5.868886e-03 1.247470e-03 0.000000e+00
      vertex 5.868886e-03 1.247470e-03 2.000000e-02
      vertex 5.941608e-03 8.350386e-04 2.000000e-02
    endloop
  endfacet
  facet normal 9.702957e-01 2.419219e-01 -0.000000e+00
    outer loop
      vertex 5.868886e-03 1.247470e-03 0.000000e+00
      vertex 5.767570e-03 1.653824e-03 0.000000e+00
      vertex 5.868886e-03 1.247470e-03 2.000000e-02
    endloop
  endfacet
  facet normal 9.702957e-01 2.419219e-01 -0.000000e+00
    outer loop
      vertex 5.767570e-03 1.653824e-03 0.000000e+00
      vertex 5.767570e-03 1.653824e-03 2.000000e-02
      vertex 5.868886e-03 1.247470e-03 2.000000e-02
    endloop
  endfacet
  facet normal 9.510565e-01 3.090170e-01 -0.000000e+00
    outer loop
      vertex 5.767570e-03 1.653824e-03 0.000000e+00
      vertex 5.638156e-03 2.052121e-03 0.000000e+00
      vertex 5.767570e-03 1.653824e-03 2.000000e-02
    endloop
  endfacet
  facet normal 9.510565e-01 3.090170e-01 -0.000000e+00
    outer loop
      vertex 5.638156e-03 2.052121e-03 0.000000e+00
      vertex 5.638156e-03 2.052121e-03 2.000000e-02
      vertex 5.767570e-03 1.653824e-03 2.000000e-02
    endloop
  endfacet
  facet normal 9.271839e-01 3.746066e-01 -0.000000e+00
    outer loop
      vertex 5.638156e-03 2.052121e-03 0.000000e+00
      vertex 5.481273e-03 2.440420e-03 0.000000e+00
      vertex 5.638156e-03 2.052121e-03 2.000000e-02
    endloop
  endfacet
  facet normal 9.271839e-01 3.746066e-01 -0.000000e+00
    outer loop
      vertex 5.481273e-03 2.440420e-03 0.000000e+00
      vertex 5.481273e-03 2.440420e-03 2.000000e-02
      vertex 5.638156e-03 2.052121e-03 2.000000e-02
    endloop
  endfacet
  facet normal 8.987940e-01 4.383711e-01 -0.000000e+00
    outer loop
      vertex 5.481273e-03 2.440420e-03 0.000000e+00
      vertex 5.297686e-03 2.816829e-03 0.000000e+00
      vertex 5.481273e-03 2.440420e-03 2.000000e-02
    endloop
  endfacet
  facet normal 8.987940e-01 4.383711e-01 -0.000000e+00
    outer loop
      vertex 5.297686e-03 2.816829e-03 0.000000e+00
      vertex 5.297686e-03 2.816829e-03 2.000000e-02
      vertex 5.481273e-03 2.440420e-03 2.000000e-02
    endloop
  endfacet
  facet normal 8.660254e-01 5.000000e-01 -0.000000e+00
    outer loop
      vertex 5.297686e-03 2.816829e-03 0.000000e+00
      vertex 5.088289e-03 3.179516e-03 0.000000e+00
      vertex 5.297686e-03 2.816829e-03 2.000000e-02
    endloop
  endfacet
  facet normal 8.660254e-01 5.000000e-01 -0.000000e+00
    outer loop
      vertex 5.088289e-03 3.179516e-03 0.000000e+00
      vertex 5.088289e-03 3.179516e-03 2.000000e-02
      vertex 5.297686e-03 2.816829e-03 2.000000e-02
    endloop
  endfacet
  facet normal 8.290376e-01 5.591929e-01 -0.000000e+00
    outer loop
      vertex 5.088289e-03 3.179516e-03 0.000000e+00
      vertex 4.854102e-03 3.526712e-03 0.000000e+00
      vertex 5.088289e-03 3.179516e-03 2.000000e-02
    endloop
  endfacet
  facet normal 8.290376e-01 5.591929e-01 -0.000000e+00
    outer loop
      vertex 4.854102e-03 3.526712e-03 0.000000e+00
      vertex 4.854102e-03 3.526712e-03 2.000000e-02
      vertex 5.088289e-03 3.179516e-03 2.000000e-02
    endloop
  endfacet
  facet normal 7.880108e-01 6.156615e-01 -0.000000e+00
    outer loop
      vertex 4.854102e-03 3.526712e-03 0.000000e+00
      vertex 4.596267e-03 3.856726e-03 0.000000e+00
      vertex 4.854102e-03 3.526712e-03 2.000000e-02
    endloop
  endfacet
  facet normal 7.880108e-01 6.156615e-01 -0.000000e+00
    outer loop
      vertex 4.596267e-03 3.856726e-03 0.000000e+00
      vertex 4.596267e-03 3.856726e-03 2.000000e-02
      vertex 4.854102e-03 3.526712e-03 2.000000e-02
    endloop
  endfacet
  facet normal 7.431448e-01 6.691306e-01 -0.000000e+00
    outer loop
      vertex 4.596267e-03 3.856726e-03 0.000000e+00
      vertex 4.316039e-03 4.167950e-03 0.000000e+00
      vertex 4.596267e-03 3.856726e-03 2.000000e-02
    endloop
  endfacet
  facet normal 7.431448e-01 6.691306e-01 -0.000000e+00
    outer loop
      vertex 4.316039e-03 4.167950e-03 0.000000e+00
      vertex 4.316039e-03 4.167950e-03 2.000000e-02
      vertex 4.596267e-03 3.856726e-03 2.000000e-02
    endloop
  endfacet
  facet normal 6.946584e-01 7.193398e-01 -0.000000e+00
    outer loop
      vertex 4.316039e-03 4.167950e-03 0.000000e+00
      vertex 4.014784e-03 4.458869e-03 0.000000e+00
      vertex 4.316039e-03 4.167950e-03 2.000000e-02
    endloop
  endfacet
  facet normal 6.946584e-01 7.193398e-01 -0.000000e+00
    outer loop
      vertex 4.014784e-03 4.458869e-03 0.000000e+00
      vertex 4.014784e-03 4.458869e-03 2.000000e-02
      vertex 4.316039e-03 4.167950e-03 2.000000e-02
    endloop
  endfacet
  facet normal 6.427876e-01 7.660444e-01 -0.000000e+00
    outer loop
      vertex 4.014784e-03 4.458869e-03 0.000000e+00
      vertex 3.693969e-03 4.728065e-03 0.000000e+00
      vertex 4.014784e-03 4.458869e-03 2.000000e-02
    endloop
  endfacet
  facet normal 6.427876e-01 7.660444e-01 -0.000000e+00
    outer loop
      vertex 3.693969e-03 4.728065e-03 0.000000e+00
      vertex 3.693969e-03 4.728065e-03 2.000000e-02
      vertex 4.014784e-03 4.458869e-03 2.000000e-02
    endloop
  endfacet
  facet normal 5.877853e-01 8.090170e-01 -0.000000e+00
    outer loop
      vertex 3.693969e-03 4.728065e-03 0.000000e+00
      vertex 3.355157e-03 4.974225e-03 0.000000e+00
      vertex 3.693969e-03 4.728065e-03 2.000000e-02
    endloop
  endfacet
  facet normal 5.877853e-01 8.090170e-01 -0.000000e+00
    outer loop
      vertex 3.355157e-03 4.974225e-03 0.000000e+00
      vertex 3.355157e-03 4.974225e-03 2.000000e-02
      vertex 3.693969e-03 4.728065e-03 2.000000e-02
    endloop
  endfacet
  facet normal 5.299193e-01 8.480481e-01 -0.000000e+00
    outer loop
      vertex 3.355157e-03 4.974225e-03 0.000000e+00
      vertex 3.000000e-03 5.196152e-03 0.000000e+00
      vertex 3.355157e-03 4.974225e-03 2.000000e-02
    endloop
  endfacet
  facet normal 5.299193e-01 8.480481e-01 -0.000000e+00
    outer loop
      vertex 3.000000e-03 5.196152e-03 0.000000e+00
      vertex 3.000000e-03 5.196152e-03 2.000000e-02
      vertex 3.355157e-03 4.974225e-03 2.000000e-02
    endloop
  endfacet
  facet normal 4.694716e-01 8.829476e-01 -0.000000e+00
    outer loop
      vertex 3.000000e-03 5.196152e-03 0.000000e+00
      vertex 2.630227e-03 5.392764e-03 0.000000e+00
      vertex 3.000000e-03 5.196152e-03 2.000000e-02
    endloop
  endfacet
  facet normal 4.694716e-01 8.829476e-01 -0.000000e+00
    outer loop
      vertex 2.630227e-03 5.392764e-03 0.000000e+00
      vertex 2.630227e-03 5.392764e-03 2.000000e-02
      vertex 3.000000e-03 5.196152e-03 2.000000e-02
    endloop
  endfacet
  facet normal 4.067366e-01 9.135455e-01 -0.000000e+00
    outer loop
      vertex 2.630227e-03 5.392764e-03 0.000000e+00
      vertex 2.247640e-03 5.563103e-03 0.000000e+00
      vertex 2.630227e-03 5.392764e-03 2.000000e-02
    endloop
  endfacet
  facet normal 4.067366e-01 9.135455e-01 -0.000000e+00
    outer loop
      vertex 2.247640e-03 5.563103e-03 0.000000e+00
      vertex 2.247640e-03 5.563103e-03 2.000000e-02
      vertex 2.630227e-03 5.392764e-03 2.000000e-02
    endloop
  endfacet
  facet normal 3.420201e-01 9.396926e-01 -0.000000e+00
    outer loop
      vertex 2.247640e-03 5.563103e-03 0.000000e+00
      vertex 1.854102e-03 5.706339e-03 0.000000e+00
      vertex 2.247640e-03 5.563103e-03 2.000000e-02
    endloop
  endfacet
  facet normal 3.420201e-01 9.396926e-01 -0.000000e+00
    outer loop
      vertex 1.854102e-03 5.706339e-03 0.000000e+00
      vertex 1.854102e-03 5.706339e-03 2.000000e-02
      vertex 2.247640e-03 5.563103e-03 2.000000e-02
    endloop
  endfacet
  facet normal 2.756374e-01 9.612617e-01 -0.000000e+00
    outer loop
      vertex 1.854102e-03 5.706339e-03 0.000000e+00
      vertex 1.451531e-03 5.821774e-03 0.000000e+00
      vertex 1.854102e-03 5.706339e-03 2.000000e-02
    endloop
  endfacet
  facet normal 2.756374e-01 9.612617e-01 -0.000000e+00
    outer loop
      vertex 1.451531e-03 5.821774e-03 0.000000e+00
      vertex 1.451531e-03 5.821774e-03 2.000000e-02
      vertex 1.854102e-03 5.706339e-03 2.000000e-02
    endloop
  endfacet
  facet normal 2.079117e-01 9.781476e-01 -0.000000e+00
    outer loop
      vertex 1.451531e-03 5.821774e-03 0.000000e+00
      vertex 1.041889e-03 5.908847e-03 0.000000e+00
      vertex 1.451531e-03 5.821774e-03 2.000000e-02
    endloop
  endfacet
  facet normal 2.079117e-01 9.781476e-01 -0.000000e+00
    outer loop
      vertex 1.041889e-03 5.908847e-03 0.000000e+00
      vertex 1.041889e-03 5.908847e-03 2.000000e-02
      vertex 1.451531e-03 5.821774e-03 2.000000e-02
    endloop
  endfacet
  facet normal 1.391731e-01 9.902681e-01 -0.000000e+00
    outer loop
      vertex 1.041889e-03 5.908847e-03 0.000000e+00
      vertex 6.271708e-04 5.967131e-03 0.000000e+00
      vertex 1.041889e-03 5.908847e-03 2.000000e-02
    endloop
  endfacet
  facet normal 1.391731e-01 9.902681e-01 -0.000000e+00
    outer loop
      vertex 6.271708e-04 5.967131e-03 0.000000e+00
      vertex 6.271708e-04 5.967131e-03 2.000000e-02
      vertex 1.041889e-03 5.908847e-03 2.000000e-02
    endloop
  endfacet
  facet normal 6.975647e-02 9.975641e-01 -0.000000e+00
    outer loop
      vertex 6.271708e-04 5.967131e-03 0.000000e+00
      vertex 2.093970e-04 5.996345e-03 0.000000e+00
      vertex 6.271708e-04 5.967131e-03 2.000000e-02
    endloop
  endfacet
  facet normal 6.975647e-02 9.975641e-01 -0.000000e+00
    outer loop
      vertex 2.093970e-04 5.996345e-03 0.000000e+00
      vertex 2.093970e-04 5.996345e-03 2.000000e-02
      vertex 6.271708e-04 5.967131e-03 2.000000e-02
    endloop
  endfacet
  facet normal 0.000000e+00 1.000000e+00 -0.000000e+00
    outer loop
      vertex 2.093970e-04 5.996345e-03 0.000000e+00
      vertex -2.093970e-04 5.996345e-03 0.000000e+00
      vertex 2.093970e-04 5.996345e-03 2.000000e-02
    endloop
  endfacet
  facet normal 0.000000e+00 1.000000e+00 0.000000e+00
    outer loop
      vertex -2.093970e-04 5.996345e-03 0.000000e+00
      vertex -2.093970e-04 5.996345e-03 2.000000e-02
      vertex 2.093970e-04 5.996345e-03 2.000000e-02
    endloop
  endfacet
  facet normal -6.975647e-02 9.975641e-01 0.000000e+00
    outer loop
      vertex -2.093970e-04 5.996345e-03 0.000000e+00
      vertex -6.271708e-04 5.967131e-03 0.000000e+00
      vertex -2.093970e-04 5.996345e-03 2.000000e-02
    endloop
  endfacet
  facet normal -6.975647e-02 9.975641e-01 0.000000e+00
    outer loop
      vertex -6.271708e-04 5.967131e-03 0.000000e+00
      vertex -6.271708e-04 5.967131e-03 2.000000e-02
      vertex -2.093970e-04 5.996345e-03 2.000000e-02
    endloop
  endfacet
  facet normal -1.391731e-01 9.902681e-01 0.000000e+00
    outer loop
      vertex -6.271708e-04 5.967131e-03 0.000000e+00
      vertex -1.041889e-03 5.908847e-03 0.000000e+00
      vertex -6.271708e-04 5.967131e-03 2.000000e-02
    endloop
  endfacet
  facet normal -1.391731e-01 9.902681e-01 0.000000e+00
    outer loop
      vertex -1.041889e-03 5.908847e-03 0.000000e+00
      vertex -1.041889e-03 5.908847e-03 2.000000e-02
      vertex -6.271708e-04 5.967131e-03 2.000000e-02
    endloop
  endfacet
  facet normal -2.079117e-01 9.781476e-01 0.000000e+00
    outer loop
      vertex -1.041889e-03 5.908847e-03 0.000000e+00
      vertex -1.451531e-03 5.821774e-03 0.000000e+00
      vertex -1.041889e-03 5.908847e-03 2.000000e-02
    endloop
  endfacet
  facet normal -2.079117e-01 9.781476e-01 0.000000e+00
    outer loop
      vertex -1.451531e-03 5.821774e-03 0.000000e+00
      vertex -1.451531e-03 5.821774e-03 2.000000e-02
      vertex -1.041889e-03 5.908847e-03 2.000000e-02
    endloop
  endfacet
  facet normal -2.756374e-01 9.612617e-01 0.000000e+00
    outer loop
      vertex -1.451531e-03 5.821774e-03 0.000000e+00
      vertex -1.854102e-03 5.706339e-03 0.000000e+00
      vertex -1.451531e-03 5.821774e-03 2.000000e-02
    endloop
  endfacet
  facet normal -2.756374e-01 9.612617e-01 0.000000e+00
    outer loop
      vertex -1.854102e-03 5.706339e-03 0.000000e+00
      vertex -1.854102e-03 5.706339e-03 2.000000e-02
      vertex -1.451531e-03 5.821774e-03 2.000000e-02
    endloop
  endfacet
  facet normal -3.420201e-01 9.396926e-01 0.000000e+00
    outer loop
      vertex -1.854102e-03 5.706339e-03 0.000000e+00
      vertex -2.247640e-03 5.563103e-03 0.000000e+00
      vertex -1.854102e-03 5.706339e-03 2.000000e-02
    endloop
  endfacet
  facet normal -3.420201e-01 9.396926e-01 0.000000e+00
    outer loop
      vertex -2.247640e-03 5.563103e-03 0.000000e+00
      vertex -2.247640e-03 5.563103e-03 2.000000e-02
      vertex -1.854102e-03 5.706339e-03 2.000000e-02
    endloop
  endfacet
  facet normal -4.067366e-01 9.135455e-01 0.000000e+00
    outer loop
      vertex -2.247640e-03 5.563103e-03 0.000000e+00
      vertex -2.630227e-03 5.392764e-03 0.000000e+00
      vertex -2.247640e-03 5.563103e-03 2.000000e-02
    endloop
  endfacet
  facet normal -4.067366e-01 9.135455e-01 0.000000e+00
    outer loop
      vertex -2.630227e-03 5.392764e-03 0.000000e+00
      vertex -2.630227e-03 5.392764e-03 2.000000e-02
      vertex -2.247640e-03 5.563103e-03 2.000000e-02
    endloop
  endfacet
  facet normal -4.694716e-01 8.829476e-01 0.000000e+00
    outer loop
      vertex -2.630227e-03 5.392764e-03 0.000000e+00
      vertex -3.000000e-03 5.196152e-03 0.000000e+00
      vertex -2.630227e-03 5.392764e-03 2.000000e-02
    endloop
  endfacet
  facet normal -4.694716e-01 8.829476e-01 0.000000e+00
    outer loop
      vertex -3.000000e-03 5.196152e-03 0.000000e+00
      vertex -3.000000e-03 5.196152e-03 2.000000e-02
      vertex -2.630227e-03 5.392764e-03 2.000000e-02
    endloop
  endfacet
  facet normal -5.299193e-01 8.480481e-01 0.000000e+00
    outer loop
      vertex -3.000000e-03 5.196152e-03 0.000000e+00
      vertex -3.355157e-03 4.974225e-03 0.000000e+00
      vertex -3.000000e-03 5.196152e-03 2.000000e-02
    endloop
  endfacet
  facet normal -5.299193e-01 8.480481e-01 0.000000e+00
    outer loop
      vertex -3.355157e-03 4.974225e-03 0.000000e+00
      vertex -3.355157e-03 4.974225e-03 2.000000e-02
      vertex -3.000000e-03 5.196152e-03 2.000000e-02
    endloop
  endfacet
  facet normal -5.877853e-01 8.090170e-01 0.000000e+00
    outer loop
      vertex -3.355157e-03 4.974225e-03 0.000000e+00
      vertex -3.693969e-03 4.728065e-03 0.000000e+00
      vertex -3.355157e-03 4.974225e-03 2.000000e-02
    endloop
  endfacet
  facet normal -5.877853e-01 8.090170e-01 0.000000e+00
    outer loop
      vertex -3.693969e-03 4.728065e-03 0.000000e+00
      vertex -3.693969e-03 4.728065e-03 2.000000e-02
      vertex -3.355157e-03 4.974225e-03 2.000000e-02
    endloop
  endfacet
  facet normal -6.427876e-01 7.660444e-01 0.000000e+00
    outer loop
      vertex -3.693969e-03 4.728065e-03 0.000000e+00
      vertex -4.014784e-03 4.458869e-03 0.000000e+00
      vertex -3.693969e-03 4.728065e-03 2.000000e-02
    endloop
  endfacet
  facet normal -6.427876e-01 7.660444e-01 0.000000e+00
    outer loop
      vertex -4.014784e-03 4.458869e-03 0.000000e+00
      vertex -4.014784e-03 4.458869e-03 2.000000e-02
      vertex -3.693969e-03 4.728065e-03 2.000000e-02
    endloop
  endfacet
  facet normal -6.946584e-01 7.193398e-01 0.000000e+00
    outer loop
      vertex -4.014784e-03 4.458869e-03 0.000000e+00
      vertex -4.316039e-03 4.167950e-03 0.000000e+00
      vertex -4.014784e-03 4.458869e-03 2.000000e-02
    endloop
  endfacet
  facet normal -6.946584e-01 7.193398e-01 0.000000e+00
    outer loop
      vertex -4.316039e-03 4.167950e-03 0.000000e+00
      vertex -4.316039e-03 4.167950e-03 2.000000e-02
      vertex -4.014784e-03 4.458869e-03 2.000000e-02
    endloop
  endfacet
  facet normal -7.431448e-01 6.691306e-01 0.000000e+00
    outer loop
      vertex -4.316039e-03 4.167950e-03 0.000000e+00
      vertex -4.596267e-03 3.856726e-03 0.000000e+00
      vertex -4.316039e-03 4.167950e-03 2.000000e-02
    endloop
  endfacet
  facet normal -7.431448e-01 6.691306e-01 0.000000e+00
    outer loop
      vertex -4.596267e-03 3.856726e-03 0.000000e+00
      vertex -4.596267e-03 3.856726e-03 2.000000e-02
      vertex -4.316039e-03 4.167950e-03 2.000000e-02
    endloop
  endfacet
  facet normal -7.880108e-01 6.156615e-01 0.000000e+00
    outer loop
      vertex -4.596267e-03 3.856726e-03 0.000000e+00
      vertex -4.854102e-03 3.526712e-03 0.000000e+00
      vertex -4.596267e-03 3.856726e-03 2.000000e-02
    endloop
  endfacet
  facet normal -7.880108e-01 6.156615e-01 0.000000e+00
    outer loop
      vertex -4.854102e-03 3.526712e-03 0.000000e+00
      vertex -4.854102e-03 3.526712e-03 2.000000e-02
      vertex -4.596267e-03 3.856726e-03 2.000000e-02
    endloop
  endfacet
  facet normal -8.290376e-01 5.591929e-01 0.000000e+00
    outer loop
      vertex -4.854102e-03 3.526712e-03 0.000000e+00
      vertex -5.088289e-03 3.179516e-03 0.000000e+00
      vertex -4.854102e-03 3.526712e-03 2.000000e-02
    endloop
  endfacet
  facet normal -8.290376e-01 5.591929e-01 0.000000e+00
    outer loop
      vertex -5.088289e-03 3.179516e-03 0.000000e+00
      vertex -5.088289e-03 3.179516e-03 2.000000e-02
      vertex -4.854102e-03 3.526712e-03 2.000000e-02
    endloop
  endfacet
  facet normal -8.660254e-01 5.000000e-01 0.000000e+00
    outer loop
      vertex -5.088289e-03 3.179516e-03 0.000000e+00
      vertex -5.297686e-03 2.816829e-03 0.000000e+00
      vertex -5.088289e-03 3.179516e-03 2.000000e-02
    endloop
  endfacet
  facet normal -8.660254e-01 5.000000e-01 0.000000e+00
    outer loop
      vertex -5.297686e-03 2.816829e-03 0.000000e+00
      vertex -5.297686e-03 2.816829e-03 2.000000e-02
      vertex -5.088289e-03 3.179516e-03 2.000000e-02
    endloop
  endfacet
  facet normal -8.987940e-01 4.383711e-01 0.000000e+00
    outer loop
      vertex -5.297686e-03 2.816829e-03 0.000000e+00
      vertex -5.481273e-03 2.440420e-03 0.000000e+00
      vertex -5.297686e-03 2.816829e-03 2.000000e-02
    endloop
  endfacet
  facet normal -8.987940e-01 4.383711e-01 0.000000e+00
    outer loop
      vertex -5.481273e-03 2.440420e-03 0.000000e+00
      vertex -5.481273e-03 2.440420e-03 2.000000e-02
      vertex -5.297686e-03 2.816829e-03 2.000000e-02
    endloop
  endfacet
  facet normal -9.271839e-01 3.746066e-01 0.000000e+00
    outer loop
      vertex -5.481273e-03 2.440420e-03 0.000000e+00
      vertex -5.638156e-03 2.052121e-03 0.000000e+00
      vertex -5.481273e-03 2.440420e-03 2.000000e-02
    endloop
  endfacet
  facet normal -9.271839e-01 3.746066e-01 0.000000e+00
    outer loop
      vertex -5.638156e-03 2.052121e-03 0.000000e+00
      vertex -5.638156e-03 2.052121e-03 2.000000e-02
      vertex -5.481273e-03 2.440420e-03 2.000000e-02
    endloop
  endfacet
  facet normal -9.510565e-01 3.090170e-01 0.000000e+00
    outer loop
      vertex -5.638156e-03 2.052121e-03 0.000000e+00
      vertex -5.767570e-03 1.653824e-03 0.000000e+00
      vertex -5.638156e-03 2.052121e-03 2.000000e-02
    endloop
  endfacet
  facet normal -9.510565e-01 3.090170e-01 0.000000e+00
    outer loop
      vertex -5.767570e-03 1.653824e-03 0.000000e+00
      vertex -5.767570e-03 1.653824e-03 2.000000e-02
      vertex -5.638156e-03 2.052121e-03 2.000000e-02
    endloop
  endfacet
  facet normal -9.702957e-01 2.419219e-01 0.000000e+00
    outer loop
      vertex -5.767570e-03 1.653824e-03 0.000000e+00
      vertex -5.868886e-03 1.247470e-03 0.000000e+00
      vertex -5.767570e-03 1.653824e-03 2.000000e-02
    endloop
  endfacet
  facet normal -9.702957e-01 2.419219e-01 0.000000e+00
    outer loop
      vertex -5.868886e-03 1.247470e-03 0.000000e+00
      vertex -5.868886e-03 1.247470e-03 2.000000e-02
      vertex -5.767570e-03 1.653824e-03 2.000000e-02
    endloop
  endfacet
  facet normal -9.848078e-01 1.736482e-01 0.000000e+00
    outer loop
      vertex -5.868886e-03 1.247470e-03 0.000000e+00
      vertex -5.941608e-03 8.350386e-04 0.000000e+00
      vertex -5.868886e-03 1.247470e-03 2.000000e-02
    endloop
  endfacet
  facet normal -9.848078e-01 1.736482e-01 0.000000e+00
    outer loop
      vertex -5.941608e-03 8.350386e-04 0.000000e+00
      vertex -5.941608e-03 8.350386e-04 2.000000e-02
      vertex -5.868886e-03 1.247470e-03 2.000000e-02
    endloop
  endfacet
  facet normal -9.945219e-01 1.045285e-01 0.000000e+00
    outer loop
      vertex -5.941608e-03 8.350386e-04 0.000000e+00
      vertex -5.985384e-03 4.185388e-04 0.000000e+00
      vertex -5.941608e-03 8.350386e-04 2.000000e-02
    endloop
  endfacet
  facet normal -9.945219e-01 1.045285e-01 0.000000e+00
    outer loop
      vertex -5.985384e-03 4.185388e-04 0.000000e+00
      vertex -5.985384e-03 4.185388e-04 2.000000e-02
      vertex -5.941608e-03 8.350386e-04 2.000000e-02
    endloop
  endfacet
  facet normal -9.993908e-01 3.489950e-02 0.000000e+00
    outer loop
      vertex -5.985384e-03 4.185388e-04 0.000000e+00
      vertex -6.000000e-03 7.347881e-19 0.000000e+00
      vertex -5.985384e-03 4.185388e-04 2.000000e-02
    endloop
  endfacet
  facet normal -9.993908e-01 3.489950e-02 0.000000e+00
    outer loop
      vertex -6.000000e-03 7.347881e-19 0.000000e+00
      vertex -6.000000e-03 7.347881e-19 2.000000e-02
      vertex -5.985384e-03 4.185388e-04 2.000000e-02
    endloop
  endfacet
  facet normal -9.993908e-01 -3.489950e-02 0.000000e+00
    outer loop
      vertex -6.000000e-03 7.347881e-19 0.000000e+00
      vertex -5.985384e-03 -4.185388e-04 0.000000e+00
      vertex -6.000000e-03 7.347881e-19 2.000000e-02
    endloop
  endfacet
  facet normal -9.993908e-01 -3.489950e-02 0.000000e+00
    outer loop
      vertex -5.985384e-03 -4.185388e-04 0.000000e+00
      vertex -5.985384e-03 -4.185388e-04 2.000000e-02
      vertex -6.000000e-03 7.347881e-19 2.000000e-02
    endloop
  endfacet
  facet normal -9.945219e-01 -1.045285e-01 0.000000e+00
    outer loop
      vertex -5.985384e-03 -4.185388e-04 0.000000e+00
      vertex -5.941608e-03 -8.350386e-04 0.000000e+00
      vertex -5.985384e-03 -4.185388e-04 2.000000e-02
    endloop
  endfacet
  facet normal -9.945219e-01 -1.045285e-01 0.000000e+00
    outer loop
      vertex -5.941608e-03 -8.350386e-04 0.000000e+00
      vertex -5.941608e-03 -8.350386e-04 2.000000e-02
      vertex -5.985384e-03 -4.185388e-04 2.000000e-02
    endloop
  endfacet
  facet normal -9.848078e-01 -1.736482e-01 0.000000e+00
    outer loop
      vertex -5.941608e-03 -8.350386e-04 0.000000e+00
      vertex -5.868886e-03 -1.247470e-03 0.000000e+00
      vertex -5.941608e-03 -8.350386e-04 2.000000e-02
    endloop
  endfacet
  facet normal -9.848078e-01 -1.736482e-01 0.000000e+00
    outer loop
      vertex -5.868886e-03 -1.247470e-03 0.000000e+00
      vertex -5.868886e-03 -1.247470e-03 2.000000e-02
      vertex -5.941608e-03 -8.350386e-04 2.000000e-02
    endloop
  endfacet
  facet normal -9.702957e-01 -2.419219e-01 0.000000e+00
    outer loop
      vertex -5.868886e-03 -1.247470e-03 0.000000e+00
      vertex -5.767570e-03 -1.653824e-03 0.000000e+00
      vertex -5.868886e-03 -1.247470e-03 2.000000e-02
    endloop
  endfacet
  facet normal -9.702957e-01 -2.419219e-01 0.000000e+00
    outer loop
      vertex -5.767570e-03 -1.653824e-03 0.000000e+00
      vertex -5.767570e-03 -1.653824e-03 2.000000e-02
      vertex -5.868886e-03 -1.247470e-03 2.000000e-02
    endloop
  endfacet
  facet normal -9.510565e-01 -3.090170e-01 0.000000e+00
    outer loop
      vertex -5.767570e-03 -1.653824e-03 0.000000e+00
      vertex -5.638156e-03 -2.052121e-03 0.000000e+00
      vertex -5.767570e-03 -1.653824e-03 2.000000e-02
    endloop
  endfacet
  facet normal -9.510565e-01 -3.090170e-01 0.000000e+00
    outer loop
      vertex -5.638156e-03 -2.052121e-03 0.000000e+00
      vertex -5.638156e-03 -2.052121e-03 2.000000e-02
      vertex -5.767570e-03 -1.653824e-03 2.000000e-02
    endloop
  endfacet
  facet normal -9.271839e-01 -3.746066e-01 0.000000e+00
    outer loop
      vertex -5.638156e-03 -2.052121e-03 0.000000e+00
      vertex -5.481273e-03 -2.440420e-03 0.000000e+00
      vertex -5.638156e-03 -2.052121e-03 2.000000e-02
    endloop
  endfacet
  facet normal -9.271839e-01 -3.746066e-01 0.000000e+00
    outer loop
      vertex -5.481273e-03 -2.440420e-03 0.000000e+00
      vertex -5.481273e-03 -2.440420e-03 2.000000e-02
      vertex -5.638156e-03 -2.052121e-03 2.000000e-02
    endloop
  endfacet
  facet normal -8.987940e-01 -4.383711e-01 0.000000e+00
    outer loop
      vertex -5.481273e-03 -2.440420e-03 0.000000e+00
      vertex -5.297686e-03 -2.816829e-03 0.000000e+00
      vertex -5.481273e-03 -2.440420e-03 2.000000e-02
    endloop
  endfacet
  facet normal -8.987940e-01 -4.383711e-01 0.000000e+00
    outer loop
      vertex -5.297686e-03 -2.816829e-03 0.000000e+00
      vertex -5.297686e-03 -2.816829e-03 2.000000e-02
      vertex -5.481273e-03 -2.440420e-03 2.000000e-02
    endloop
  endfacet
  facet normal -8.660254e-01 -5.000000e-01 0.000000e+00
    outer loop
      vertex -5.297686e-03 -2.816829e-03 0.000000e+00
      vertex -5.088289e-03 -3.179516e-03 0.000000e+00
      vertex -5.297686e-03 -2.816829e-03 2.000000e-02
    endloop
  endfacet
  facet normal -8.660254e-01 -5.000000e-01 0.000000e+00
    outer loop
      vertex -5.088289e-03 -3.179516e-03 0.000000e+00
      vertex -5.088289e-03 -3.179516e-03 2.000000e-02
      vertex -5.297686e-03 -2.816829e-03 2.000000e-02
    endloop
  endfacet
  facet normal -8.290376e-01 -5.591929e-01 0.000000e+00
    outer loop
      vertex -5.088289e-03 -3.179516e-03 0.000000e+00
      vertex -4.854102e-03 -3.526712e-03 0.000000e+00
      vertex -5.088289e-03 -3.179516e-03 2.000000e-02
    endloop
  endfacet
  facet normal -8.290376e-01 -5.591929e-01 0.000000e+00
    outer loop
      vertex -4.854102e-03 -3.526712e-03 0.000000e+00
      vertex -4.854102e-03 -3.526712e-03 2.000000e-02
      vertex -5.088289e-03 -3.179516e-03 2.000000e-02
    endloop
  endfacet
  facet normal -7.880108e-01 -6.156615e-01 0.000000e+00
    outer loop
      vertex -4.854102e-03 -3.526712e-03 0.000000e+00
      vertex -4.596267e-03 -3.856726e-03 0.000000e+00
      vertex -4.854102e-03 -3.526712e-03 2.000000e-02
    endloop
  endfacet
  facet normal -7.880108e-01 -6.156615e-01 0.000000e+00
    outer loop
      vertex -4.596267e-03 -3.856726e-03 0.000000e+00
      vertex -4.596267e-03 -3.856726e-03 2.000000e-02
      vertex -4.854102e-03 -3.526712e-03 2.000000e-02
    endloop
  endfacet
  facet normal -7.431448e-01 -6.691306e-01 0.000000e+00
    outer loop
      vertex -4.596267e-03 -3.856726e-03 0.000000e+00
      vertex -4.316039e-03 -4.167950e-03 0.000000e+00
      vertex -4.596267e-03 -3.856726e-03 2.000000e-02
    endloop
  endfacet
  facet normal -7.431448e-01 -6.691306e-01 0.000000e+00
    outer loop
      vertex -4.316039e-03 -4.167950e-03 0.000000e+00
      vertex -4.316039e-03 -4.167950e-03 2.000000e-02
      vertex -4.596267e-03 -3.856726e-03 2.000000e-02
    endloop
  endfacet
  facet normal -6.946584e-01 -7.193398e-01 0.000000e+00
    outer loop
      vertex -4.316039e-03 -4.167950e-03 0.000000e+00
      vertex -4.014784e-03 -4.458869e-03 0.000000e+00
      vertex -4.316039e-03 -4.167950e-03 2.000000e-02
    endloop
  endfacet
  facet normal -6.946584e-01 -7.193398e-01 0.000000e+00
    outer loop
      vertex -4.014784e-03 -4.458869e-03 0.000000e+00
      vertex -4.014784e-03 -4.458869e-03 2.000000e-02
      vertex -4.316039e-03 -4.167950e-03 2.000000e-02
    endloop
  endfacet
  facet normal -6.427876e-01 -7.660444e-01 0.000000e+00
    outer loop
      vertex -4.014784e-03 -4.458869e-03 0.000000e+00
      vertex -3.693969e-03 -4.728065e-03 0.000000e+00
      vertex -4.014784e-03 -4.458869e-03 2.000000e-02
    endloop
  endfacet
  facet normal -6.427876e-01 -7.660444e-01 0.000000e+00
    outer loop
      vertex -3.693969e-03 -4.728065e-03 0.000000e+00
      vertex -3.693969e-03 -4.728065e-03 2.000000e-02
      vertex -4.014784e-03 -4.458869e-03 2.000000e-02
    endloop
  endfacet
  facet normal -5.877853e-01 -8.090170e-01 0.000000e+00
    outer loop
      vertex -3.693969e-03 -4.728065e-03 0.000000e+00
      vertex -3.355157e-03 -4.974225e-03 0.000000e+00
      vertex -3.693969e-03 -4.728065e-03 2.000000e-02
    endloop
  endfacet
  facet normal -5.877853e-01 -8.090170e-01 0.000000e+00
    outer loop
      vertex -3.355157e-03 -4.974225e-03 0.000000e+00
      vertex -3.355157e-03 -4.974225e-03 2.000000e-02
      vertex -3.693969e-03 -4.728065e-03 2.000000e-02
    endloop
  endfacet
  facet normal -5.299193e-01 -8.480481e-01 0.000000e+00
    outer loop
      vertex -3.355157e-03 -4.974225e-03 0.000000e+00
      vertex -3.000000e-03 -5.196152e-03 0.000000e+00
      vertex -3.355157e-03 -4.974225e-03 2.000000e-02
    endloop
  endfacet
  facet normal -5.299193e-01 -8.480481e-01 0.000000e+00
    outer loop
      vertex -3.000000e-03 -5.196152e-03 0.000000e+00
      vertex -3.000000e-03 -5.196152e-03 2.000000e-02
      vertex -3.355157e-03 -4.974225e-03 2.000000e-02
    endloop
  endfacet
  facet normal -4.694716e-01 -8.829476e-01 0.000000e+00
    outer loop
      vertex -3.000000e-03 -5.196152e-03 0.000000e+00
      vertex -2.630227e-03 -5.392764e-03 0.000000e+00
      vertex -3.000000e-03 -5.196152e-03 2.000000e-02
    endloop
  endfacet
  facet normal -4.694716e-01 -8.829476e-01 0.000000e+00
    outer loop
      vertex -2.630227e-03 -5.392764e-03 0.000000e+00
      vertex -2.630227e-03 -5.392764e-03 2.000000e-02
      vertex -3.000000e-03 -5.196152e-03 2.000000e-02
    endloop
  endfacet
  facet normal -4.067366e-01 -9.135455e-01 0.000000e+00
    outer loop
      vertex -2.630227e-03 -5.392764e-03 0.000000e+00
      vertex -2.247640e-03 -5.563103e-03 0.000000e+00
      vertex -2.630227e-03 -5.392764e-03 2.000000e-02
    endloop
  endfacet
  facet normal -4.067366e-01 -9.135455e-01 0.000000e+00
    outer loop
      vertex -2.247640e-03 -5.563103e-03 0.000000e+00
      vertex -2.247640e-03 -5.563103e-03 2.000000e-02
      vertex -2.630227e-03 -5.392764e-03 2.000000e-02
    endloop
  endfacet
  facet normal -3.420201e-01 -9.396926e-01 0.000000e+00
    outer loop
      vertex -2.247640e-03 -5.563103e-03 0.000000e+00
      vertex -1.854102e-03 -5.706339e-03 0.000000e+00
      vertex -2.247640e-03 -5.563103e-03 2.000000e-02
    endloop
  endfacet
  facet normal -3.420201e-01 -9.396926e-01 0.000000e+00
    outer loop
      vertex -1.854102e-03 -5.706339e-03 0.000000e+00
      vertex -1.854102e-03 -5.706339e-03 2.000000e-02
      vertex -2.247640e-03 -5.563103e-03 2.000000e-02
    endloop
  endfacet
  facet normal -2.756374e-01 -9.612617e-01 0.000000e+00
    outer loop
      vertex -1.854102e-03 -5.706339e-03 0.000000e+00
      vertex -1.451531e-03 -5.821774e-03 0.000000e+00
      vertex -1.854102e-03 -5.706339e-03 2.000000e-02
    endloop
  endfacet
  facet normal -2.756374e-01 -9.612617e-01 0.000000e+00
    outer loop
      vertex -1.451531e-03 -5.821774e-03 0.000000e+00
      vertex -1.451531e-03 -5.821774e-03 2.000000e-02
      vertex -1.854102e-03 -5.706339e-03 2.000000e-02
    endloop
  endfacet
  facet normal -2.079117e-01 -9.781476e-01 0.000000e+00
    outer loop
      vertex -1.451531e-03 -5.821774e-03 0.000000e+00
      vertex -1.041889e-03 -5.908847e-03 0.000000e+00
      vertex -1.451531e-03 -5.821774e-03 2.000000e-02
    endloop
  endfacet
  facet normal -2.079117e-01 -9.781476e-01 0.000000e+00
    outer loop
      vertex -1.041889e-03 -5.908847e-03 0.000000e+00
      vertex -1.041889e-03 -5.908847e-03 2.000000e-02
      vertex -1.451531e-03 -5.821774e-03 2.000000e-02
    endloop
  endfacet
  facet normal -1.391731e-01 -9.902681e-01 0.000000e+00
    outer loop
      vertex -1.041889e-03 -5.908847e-03 0.000000e+00
      vertex -6.271708e-04 -5.967131e-03 0.000000e+00
      vertex -1.041889e-03 -5.908847e-03 2.000000e-02
    endloop
  endfacet
  facet normal -1.391731e-01 -9.902681e-01 0.000000e+00
    outer loop
      vertex -6.271708e-04 -5.967131e-03 0.000000e+00
      vertex -6.271708e-04 -5.967131e-03 2.000000e-02
      vertex -1.041889e-03 -5.908847e-03 2.000000e-02
    endloop
  endfacet
  facet normal -6.975647e-02 -9.975641e-01 0.000000e+00
    outer loop
      vertex -6.271708e-04 -5.967131e-03 0.000000e+00
      vertex -2.093970e-04 -5.996345e-03 0.000000e+00
      vertex -6.271708e-04 -5.967131e-03 2.000000e-02
    endloop
  endfacet
  facet normal -6.975647e-02 -9.975641e-01 0.000000e+00
    outer loop
      vertex -2.093970e-04 -5.996345e-03 0.000000e+00
      vertex -2.093970e-04 -5.996345e-03 2.000000e-02
      vertex -6.271708e-04 -5.967131e-03 2.000000e-02
    endloop
  endfacet
  facet normal 0.000000e+00 -1.000000e+00 0.000000e+00
    outer loop
      vertex -2.093970e-04 -5.996345e-03 0.000000e+00
      vertex 2.093970e-04 -5.996345e-03 0.000000e+00
      vertex -2.093970e-04 -5.996345e-03 2.000000e-02
    endloop
  endfacet
  facet normal 0.000000e+00 -1.000000e+00 0.000000e+00
    outer loop
      vertex 2.093970e-04 -5.996345e-03 0.000000e+00
      vertex 2.093970e-04 -5.996345e-03 2.000000e-02
      vertex -2.093970e-04 -5.996345e-03 2.000000e-02
    endloop
  endfacet
  facet normal 6.975647e-02 -9.975641e-01 0.000000e+00
    outer loop
      vertex 2.093970e-04 -5.996345e-03 0.000000e+00
      vertex 6.271708e-04 -5.967131e-03 0.000000e+00
      vertex 2.093970e-04 -5.996345e-03 2.000000e-02
    endloop
  endfacet
  facet normal 6.975647e-02 -9.975641e-01 0.000000e+00
    outer loop
      vertex 6.271708e-04 -5.967131e-03 0.000000e+00
      vertex 6.271708e-04 -5.967131e-03 2.000000e-02
      vertex 2.093970e-04 -5.996345e-03 2.000000e-02
    endloop
  endfacet
  facet normal 1.391731e-01 -9.902681e-01 0.000000e+00
    outer loop
      vertex 6.271708e-04 -5.967131e-03 0.000000e+00
      vertex 1.041889e-03 -5.908847e-03 0.000000e+00
      vertex 6.271708e-04 -5.967131e-03 2.000000e-02
    endloop
  endfacet
  facet normal 1.391731e-01 -9.902681e-01 0.000000e+00
    outer loop
      vertex 1.041889e-03 -5.908847e-03 0.000000e+00
      vertex 1.041889e-03 -5.908847e-03 2.000000e-02
      vertex 6.271708e-04 -5.967131e-03 2.000000e-02
    endloop
  endfacet
  facet normal 2.079117e-01 -9.781476e-01 0.000000e+00
    outer loop
      vertex 1.041889e-03 -5.908847e-03 0.000000e+00
      vertex 1.451531e-03 -5.821774e-03 0.000000e+00
      vertex 1.041889e-03 -5.908847e-03 2.000000e-02
    endloop
  endfacet
  facet normal 2.079117e-01 -9.781476e-01 0.000000e+00
    outer loop
      vertex 1.451531e-03 -5.821774e-03 0.000000e+00
      vertex 1.451531e-03 -5.821774e-03 2.000000e-02
      vertex 1.041889e-03 -5.908847e-03 2.000000e-02
    endloop
  endfacet
  facet normal 2.756374e-01 -9.612617e-01 0.000000e+00
    outer loop
      vertex 1.451531e-03 -5.821774e-03 0.000000e+00
      vertex 1.854102e-03 -5.706339e-03 0.000000e+00
      vertex 1.451531e-03 -5.821774e-03 2.000000e-02
    endloop
  endfacet
  facet normal 2.756374e-01 -9.612617e-01 0.000000e+00
    outer loop
      vertex 1.854102e-03 -5.706339e-03 0.000000e+00
      vertex 1.854102e-03 -5.706339e-03 2.000000e-02
      vertex 1.451531e-03 -5.821774e-03 2.000000e-02
    endloop
  endfacet
  facet normal 3.420201e-01 -9.396926e-01 0.000000e+00
    outer loop
      vertex 1.854102e-03 -5.706339e-03 0.000000e+00
      vertex 2.247640e-03 -5.563103e-03 0.000000e+00
      vertex 1.854102e-03 -5.706339e-03 2.000000e-02
    endloop
  endfacet
  facet normal 3.420201e-01 -9.396926e-01 0.000000e+00
    outer loop
      vertex 2.247640e-03 -5.563103e-03 0.000000e+00
      vertex 2.247640e-03 -5.563103e-03 2.000000e-02
      vertex 1.854102e-03 -5.706339e-03 2.000000e-02
    endloop
  endfacet
  facet normal 4.067366e-01 -9.135455e-01 0.000000e+00
    outer loop
      vertex 2.247640e-03 -5.563103e-03 0.000000e+00
      vertex 2.630227e-03 -5.392764e-03 0.000000e+00
      vertex 2.247640e-03 -5.563103e-03 2.000000e-02
    endloop
  endfacet
  facet normal 4.067366e-01 -9.135455e-01 0.000000e+00
    outer loop
      vertex 2.630227e-03 -5.392764e-03 0.000000e+00
      vertex 2.630227e-03 -5.392764e-03 2.000000e-02
      vertex 2.247640e-03 -5.563103e-03 2.000000e-02
    endloop
  endfacet
  facet normal 4.694716e-01 -8.829476e-01 0.000000e+00
    outer loop
      vertex 2.630227e-03 -5.392764e-03 0.000000e+00
      vertex 3.000000e-03 -5.196152e-03 0.000000e+00
      vertex 2.630227e-03 -5.392764e-03 2.000000e-02
    endloop
  endfacet
  facet normal 4.694716e-01 -8.829476e-01 0.000000e+00
    outer loop
      vertex 3.000000e-03 -5.196152e-03 0.000000e+00
      vertex 3.000000e-03 -5.196152e-03 2.000000e-02
      vertex 2.630227e-03 -5.392764e-03 2.000000e-02
    endloop
  endfacet
  facet normal 5.299193e-01 -8.480481e-01 0.000000e+00
    outer loop
      vertex 3.000000e-03 -5.196152e-03 0.000000e+00
      vertex 3.355157e-03 -4.974225e-03 0.000000e+00
      vertex 3.000000e-03 -5.196152e-03 2.000000e-02
    endloop
  endfacet
  facet normal 5.299193e-01 -8.480481e-01 0.000000e+00
    outer loop
      vertex 3.355157e-03 -4.974225e-03 0.000000e+00
      vertex 3.355157e-03 -4.974225e-03 2.000000e-02
      vertex 3.000000e-03 -5.196152e-03 2.000000e-02
    endloop
  endfacet
  facet normal 5.877853e-01 -8.090170e-01 0.000000e+00
    outer loop
      vertex 3.355157e-03 -4.974225e-03 0.000000e+00
      vertex 3.693969e-03 -4.728065e-03 0.000000e+00
      vertex 3.355157e-03 -4.974225e-03 2.000000e-02
    endloop
  endfacet
  facet normal 5.877853e-01 -8.090170e-01 0.000000e+00
    outer loop
      vertex 3.693969e-03 -4.728065e-03 0.000000e+00
      vertex 3.693969e-03 -4.728065e-03 2.000000e-02
      vertex 3.355157e-03 -4.974225e-03 2.000000e-02
    endloop
  endfacet
  facet normal 6.427876e-01 -7.660444e-01 0.000000e+00
    outer loop
      vertex 3.693969e-03 -4.728065e-03 0.000000e+00
      vertex 4.014784e-03 -4.458869e-03 0.000000e+00
      vertex 3.693969e-03 -4.728065e-03 2.000000e-02
    endloop
  endfacet
  facet normal 6.427876e-01 -7.660444e-01 0.000000e+00
    outer loop
      vertex 4.014784e-03 -4.458869e-03 0.000000e+00
      vertex 4.014784e-03 -4.458869e-03 2.000000e-02
      vertex 3.693969e-03 -4.728065e-03 2.000000e-02
    endloop
  endfacet
  facet normal 6.946584e-01 -7.193398e-01 0.000000e+00
    outer loop
      vertex 4.014784e-03 -4.458869e-03 0.000000e+00
      vertex 4.316039e-03 -4.167950e-03 0.000000e+00
      vertex 4.014784e-03 -4.458869e-03 2.000000e-02
    endloop
  endfacet
  facet normal 6.946584e-01 -7.193398e-01 0.000000e+00
    outer loop
      vertex 4.316039e-03 -4.167950e-03 0.000000e+00
      vertex 4.316039e-03 -4.167950e-03 2.000000e-02
      vertex 4.014784e-03 -4.458869e-03 2.000000e-02
    endloop
  endfacet
  facet normal 7.431448e-01 -6.691306e-01 0.000000e+00
    outer loop
      vertex 4.316039e-03 -4.167950e-03 0.000000e+00
      vertex 4.596267e-03 -3.856726e-03 0.000000e+00
      vertex 4.316039e-03 -4.167950e-03 2.000000e-02
    endloop
  endfacet
  facet normal 7.431448e-01 -6.691306e-01 0.000000e+00
    outer loop
      vertex 4.596267e-03 -3.856726e-03 0.000000e+00
      vertex 4.596267e-03 -3.856726e-03 2.000000e-02
      vertex 4.316039e-03 -4.167950e-03 2.000000e-02
    endloop
  endfacet
  facet normal 7.880108e-01 -6.156615e-01 0.000000e+00
    outer loop
      vertex 4.596267e-03 -3.856726e-03 0.000000e+00
      vertex 4.854102e-03 -3.526712e-03 0.000000e+00
      vertex 4.596267e-03 -3.856726e-03 2.000000e-02
    endloop
  endfacet
  facet normal 7.880108e-01 -6.156615e-01 0.000000e+00
    outer loop
      vertex 4.854102e-03 -3.526712e-03 0.000000e+00
      vertex 4.854102e-03 -3.526712e-03 2.000000e-02
      vertex 4.596267e-03 -3.856726e-03 2.000000e-02
    endloop
  endfacet
  facet normal 8.290376e-01 -5.591929e-01 0.000000e+00
    outer loop
      vertex 4.854102e-03 -3.526712e-03 0.000000e+00
      vertex 5.088289e-03 -3.179516e-03 0.000000e+00
      vertex 4.854102e-03 -3.526712e-03 2.000000e-02
    endloop
  endfacet
  facet normal 8.290376e-01 -5.591929e-01 0.000000e+00
    outer loop
      vertex 5.088289e-03 -3.179516e-03 0.000000e+00
      vertex 5.088289e-03 -3.179516e-03 2.000000e-02
      vertex 4.854102e-03 -3.526712e-03 2.000000e-02
    endloop
  endfacet
  facet normal 8.660254e-01 -5.000000e-01 0.000000e+00
    outer loop
      vertex 5.088289e-03 -3.179516e-03 0.000000e+00
      vertex 5.297686e-03 -2.816829e-03 0.000000e+00
      vertex 5.088289e-03 -3.179516e-03 2.000000e-02
    endloop
  endfacet
  facet normal 8.660254e-01 -5.000000e-01 0.000000e+00
    outer loop
      vertex 5.297686e-03 -2.816829e-03 0.000000e+00
      vertex 5.297686e-03 -2.816829e-03 2.000000e-02
      vertex 5.088289e-03 -3.179516e-03 2.000000e-02
    endloop
  endfacet
  facet normal 8.987940e-01 -4.383711e-01 0.000000e+00
    outer loop
      vertex 5.297686e-03 -2.816829e-03 0.000000e+00
      vertex 5.481273e-03 -2.440420e-03 0.000000e+00
      vertex 5.297686e-03 -2.816829e-03 2.000000e-02
    endloop
  endfacet
  facet normal 8.987940e-01 -4.383711e-01 0.000000e+00
    outer loop
      vertex 5.481273e-03 -2.440420e-03 0.000000e+00
      vertex 5.481273e-03 -2.440420e-03 2.000000e-02
      vertex 5.297686e-03 -2.816829e-03 2.000000e-02
    endloop
  endfacet
  facet normal 9.271839e-01 -3.746066e-01 0.000000e+00
    outer loop
      vertex 5.481273e-03 -2.440420e-03 0.000000e+00
      vertex 5.638156e-03 -2.052121e-03 0.000000e+00
      vertex 5.481273e-03 -2.440420e-03 2.000000e-02
    endloop
  endfacet
  facet normal 9.271839e-01 -3.746066e-01 0.000000e+00
    outer loop
      vertex 5.638156e-03 -2.052121e-03 0.000000e+00
      vertex 5.638156e-03 -2.052121e-03 2.000000e-02
      vertex 5.481273e-03 -2.440420e-03 2.000000e-02
    endloop
  endfacet
  facet normal 9.510565e-01 -3.090170e-01 0.000000e+00
    outer loop
      vertex 5.638156e-03 -2.052121e-03 0.000000e+00
      vertex 5.767570e-03 -1.653824e-03 0.000000e+00
      vertex 5.638156e-03 -2.052121e-03 2.000000e-02
    endloop
  endfacet
  facet normal 9.510565e-01 -3.090170e-01 0.000000e+00
    outer loop
      vertex 5.767570e-03 -1.653824e-03 0.000000e+00
      vertex 5.767570e-03 -1.653824e-03 2.000000e-02
      vertex 5.638156e-03 -2.052121e-03 2.000000e-02
    endloop
  endfacet
  facet normal 9.702957e-01 -2.419219e-01 0.000000e+00
    outer loop
      vertex 5.767570e-03 -1.653824e-03 0.000000e+00
      vertex 5.868886e-03 -1.247470e-03 0.000000e+00
      vertex 5.767570e-03 -1.653824e-03 2.000000e-02
    endloop
  endfacet
  facet normal 9.702957e-01 -2.419219e-01 0.000000e+00
    outer loop
      vertex 5.868886e-03 -1.247470e-03 0.000000e+00
      vertex 5.868886e-03 -1.247470e-03 2.000000e-02
      vertex 5.767570e-03 -1.653824e-03 2.000000e-02
    endloop
  endfacet
  facet normal 9.848078e-01 -1.736482e-01 0.000000e+00
    outer loop
      vertex 5.868886e-03 -1.247470e-03 0.000000e+00
      vertex 5.941608e-03 -8.350386e-04 0.000000e+00
      vertex 5.868886e-03 -1.247470e-03 2.000000e-02
    endloop
  endfacet
  facet normal 9.848078e-01 -1.736482e-01 0.000000e+00
    outer loop
      vertex 5.941608e-03 -8.350386e-04 0.000000e+00
      vertex 5.941608e-03 -8.350386e-04 2.000000e-02
      vertex 5.868886e-03 -1.247470e-03 2.000000e-02
    endloop
  endfacet
  facet normal 9.945219e-01 -1.045285e-01 0.000000e+00
    outer loop
      vertex 5.941608e-03 -8.350386e-04 0.000000e+00
      vertex 5.985384e-03 -4.185388e-04 0.000000e+00
      vertex 5.941608e-03 -8.350386e-04 2.000000e-02
    endloop
  endfacet
  facet normal 9.945219e-01 -1.045285e-01 0.000000e+00
    outer loop
      vertex 5.985384e-03 -4.185388e-04 0.000000e+00
      vertex 5.985384e-03 -4.185388e-04 2.000000e-02
      vertex 5.941608e-03 -8.350386e-04 2.000000e-02
    endloop
  endfacet
  facet normal 9.993908e-01 -3.489950e-02 0.000000e+00
    outer loop
      vertex 5.985384e-03 -4.185388e-04 0.000000e+00
      vertex 6.000000e-03 -1.469576e-18 0.000000e+00
      vertex 5.985384e-03 -4.185388e-04 2.000000e-02
    endloop
  endfacet
  facet normal 9.993908e-01 -3.489950e-02 0.000000e+00
    outer loop
      vertex 6.000000e-03 -1.469576e-18 0.000000e+00
      vertex 6.000000e-03 -1.469576e-18 2.000000e-02
      vertex 5.985384e-03 -4.185388e-04 2.000000e-02
    endloop
  endfacet
  facet normal 9.842257e-01 3.436992e-02 1.735465e-01
    outer loop
      vertex 6.000000e-03 0.000000e+00 2.000000e-02
      vertex 5.985384e-03 4.185388e-04 2.000000e-02
      vertex 2.000000e-03 0.000000e+00 4.268500e-02
    endloop
  endfacet
  facet normal 9.842257e-01 3.436992e-02 1.735465e-01
    outer loop
      vertex 5.985384e-03 4.185388e-04 2.000000e-02
      vertex 1.995128e-03 1.395129e-04 4.268500e-02
      vertex 2.000000e-03 0.000000e+00 4.268500e-02
    endloop
  endfacet
  facet normal 9.794307e-01 1.029423e-01 1.735465e-01
    outer loop
      vertex 5.985384e-03 4.185388e-04 2.000000e-02
      vertex 5.941608e-03 8.350386e-04 2.000000e-02
      vertex 1.995128e-03 1.395129e-04 4.268500e-02
    endloop
  endfacet
  facet normal 9.794307e-01 1.029423e-01 1.735465e-01
    outer loop
      vertex 5.941608e-03 8.350386e-04 2.000000e-02
      vertex 1.980536e-03 2.783462e-04 4.268500e-02
      vertex 1.995128e-03 1.395129e-04 4.268500e-02
    endloop
  endfacet
  facet normal 9.698640e-01 1.710132e-01 1.735465e-01
    outer loop
      vertex 5.941608e-03 8.350386e-04 2.000000e-02
      vertex 5.868886e-03 1.247470e-03 2.000000e-02
      vertex 1.980536e-03 2.783462e-04 4.268500e-02
    endloop
  endfacet
  facet normal 9.698640e-01 1.710132e-01 1.735465e-01
    outer loop
      vertex 5.868886e-03 1.247470e-03 2.000000e-02
      vertex 1.956295e-03 4.158234e-04 4.268500e-02
      vertex 1.980536e-03 2.783462e-04 4.268500e-02
    endloop
  endfacet
  facet normal 9.555721e-01 2.382509e-01 1.735465e-01
    outer loop
      vertex 5.868886e-03 1.247470e-03 2.000000e-02
      vertex 5.767570e-03 1.653824e-03 2.000000e-02
      vertex 1.956295e-03 4.158234e-04 4.268500e-02
    endloop
  endfacet
  facet normal 9.555721e-01 2.382509e-01 1.735465e-01
    outer loop
      vertex 5.767570e-03 1.653824e-03 2.000000e-02
      vertex 1.922523e-03 5.512747e-04 4.268500e-02
      vertex 1.956295e-03 4.158234e-04 4.268500e-02
    endloop
  endfacet
  facet normal 9.366249e-01 3.043279e-01 1.735465e-01
    outer loop
      vertex 5.767570e-03 1.653824e-03 2.000000e-02
      vertex 5.638156e-03 2.052121e-03 2.000000e-02
      vertex 1.922523e-03 5.512747e-04 4.268500e-02
    endloop
  endfacet
  facet normal 9.366249e-01 3.043279e-01 1.735465e-01
    outer loop
      vertex 5.638156e-03 2.052121e-03 2.000000e-02
      vertex 1.879385e-03 6.840403e-04 4.268500e-02
      vertex 1.922523e-03 5.512747e-04 4.268500e-02
    endloop
  endfacet
  facet normal 9.131145e-01 3.689222e-01 1.735465e-01
    outer loop
      vertex 5.638156e-03 2.052121e-03 2.000000e-02
      vertex 5.481273e-03 2.440420e-03 2.000000e-02
      vertex 1.879385e-03 6.840403e-04 4.268500e-02
    endloop
  endfacet
  facet normal 9.131145e-01 3.689222e-01 1.735465e-01
    outer loop
      vertex 5.481273e-03 2.440420e-03 2.000000e-02
      vertex 1.827091e-03 8.134733e-04 4.268500e-02
      vertex 1.879385e-03 6.840403e-04 4.268500e-02
    endloop
  endfacet
  facet normal 8.851555e-01 4.317192e-01 1.735465e-01
    outer loop
      vertex 5.481273e-03 2.440420e-03 2.000000e-02
      vertex 5.297686e-03 2.816829e-03 2.000000e-02
      vertex 1.827091e-03 8.134733e-04 4.268500e-02
    endloop
  endfacet
  facet normal 8.851555e-01 4.317192e-01 1.735465e-01
    outer loop
      vertex 5.297686e-03 2.816829e-03 2.000000e-02
      vertex 1.765895e-03 9.389431e-04 4.268500e-02
      vertex 1.827091e-03 8.134733e-04 4.268500e-02
    endloop
  endfacet
  facet normal 8.528840e-01 4.924128e-01 1.735465e-01
    outer loop
      vertex 5.297686e-03 2.816829e-03 2.000000e-02
      vertex 5.088289e-03 3.179516e-03 2.000000e-02
      vertex 1.765895e-03 9.389431e-04 4.268500e-02
    endloop
  endfacet
  facet normal 8.528840e-01 4.924128e-01 1.735465e-01
    outer loop
      vertex 5.088289e-03 3.179516e-03 2.000000e-02
      vertex 1.696096e-03 1.059839e-03 4.268500e-02
      vertex 1.765895e-03 9.389431e-04 4.268500e-02
    endloop
  endfacet
  facet normal 8.164575e-01 5.507075e-01 1.735465e-01
    outer loop
      vertex 5.088289e-03 3.179516e-03 2.000000e-02
      vertex 4.854102e-03 3.526712e-03 2.000000e-02
      vertex 1.696096e-03 1.059839e-03 4.268500e-02
    endloop
  endfacet
  facet normal 8.164575e-01 5.507075e-01 1.735465e-01
    outer loop
      vertex 4.854102e-03 3.526712e-03 2.000000e-02
      vertex 1.618034e-03 1.175571e-03 4.268500e-02
      vertex 1.696096e-03 1.059839e-03 4.268500e-02
    endloop
  endfacet
  facet normal 7.760532e-01 6.063192e-01 1.735465e-01
    outer loop
      vertex 4.854102e-03 3.526712e-03 2.000000e-02
      vertex 4.596267e-03 3.856726e-03 2.000000e-02
      vertex 1.618034e-03 1.175571e-03 4.268500e-02
    endloop
  endfacet
  facet normal 7.760532e-01 6.063192e-01 1.735465e-01
    outer loop
      vertex 4.596267e-03 3.856726e-03 2.000000e-02
      vertex 1.532089e-03 1.285575e-03 4.268500e-02
      vertex 1.618034e-03 1.175571e-03 4.268500e-02
    endloop
  endfacet
  facet normal 7.318681e-01 6.589770e-01 1.735465e-01
    outer loop
      vertex 4.596267e-03 3.856726e-03 2.000000e-02
      vertex 4.316039e-03 4.167950e-03 2.000000e-02
      vertex 1.532089e-03 1.285575e-03 4.268500e-02
    endloop
  endfacet
  facet normal 7.318681e-01 6.589770e-01 1.735465e-01
    outer loop
      vertex 4.316039e-03 4.167950e-03 2.000000e-02
      vertex 1.438680e-03 1.389317e-03 4.268500e-02
      vertex 1.532089e-03 1.285575e-03 4.268500e-02
    endloop
  endfacet
  facet normal 6.841174e-01 7.084243e-01 1.735465e-01
    outer loop
      vertex 4.316039e-03 4.167950e-03 2.000000e-02
      vertex 4.014784e-03 4.458869e-03 2.000000e-02
      vertex 1.438680e-03 1.389317e-03 4.268500e-02
    endloop
  endfacet
  facet normal 6.841174e-01 7.084243e-01 1.735465e-01
    outer loop
      vertex 4.014784e-03 4.458869e-03 2.000000e-02
      vertex 1.338261e-03 1.486290e-03 4.268500e-02
      vertex 1.438680e-03 1.389317e-03 4.268500e-02
    endloop
  endfacet
  facet normal 6.330337e-01 7.544202e-01 1.735465e-01
    outer loop
      vertex 4.014784e-03 4.458869e-03 2.000000e-02
      vertex 3.693969e-03 4.728065e-03 2.000000e-02
      vertex 1.338261e-03 1.486290e-03 4.268500e-02
    endloop
  endfacet
  facet normal 6.330337e-01 7.544202e-01 1.735465e-01
    outer loop
      vertex 3.693969e-03 4.728065e-03 2.000000e-02
      vertex 1.231323e-03 1.576022e-03 4.268500e-02
      vertex 1.338261e-03 1.486290e-03 4.268500e-02
    endloop
  endfacet
  facet normal 5.788660e-01 7.967407e-01 1.735465e-01
    outer loop
      vertex 3.693969e-03 4.728065e-03 2.000000e-02
      vertex 3.355157e-03 4.974225e-03 2.000000e-02
      vertex 1.231323e-03 1.576022e-03 4.268500e-02
    endloop
  endfacet
  facet normal 5.788660e-01 7.967407e-01 1.735465e-01
    outer loop
      vertex 3.355157e-03 4.974225e-03 2.000000e-02
      vertex 1.118386e-03 1.658075e-03 4.268500e-02
      vertex 1.231323e-03 1.576022e-03 4.268500e-02
    endloop
  endfacet
  facet normal 5.218781e-01 8.351795e-01 1.735465e-01
    outer loop
      vertex 3.355157e-03 4.974225e-03 2.000000e-02
      vertex 3.000000e-03 5.196152e-03 2.000000e-02
      vertex 1.118386e-03 1.658075e-03 4.268500e-02
    endloop
  endfacet
  facet normal 5.218781e-01 8.351795e-01 1.735465e-01
    outer loop
      vertex 3.000000e-03 5.196152e-03 2.000000e-02
      vertex 1.000000e-03 1.732051e-03 4.268500e-02
      vertex 1.118386e-03 1.658075e-03 4.268500e-02
    endloop
  endfacet
  facet normal 4.623476e-01 8.695495e-01 1.735465e-01
    outer loop
      vertex 3.000000e-03 5.196152e-03 2.000000e-02
      vertex 2.630227e-03 5.392764e-03 2.000000e-02
      vertex 1.000000e-03 1.732051e-03 4.268500e-02
    endloop
  endfacet
  facet normal 4.623476e-01 8.695495e-01 1.735465e-01
    outer loop
      vertex 2.630227e-03 5.392764e-03 2.000000e-02
      vertex 8.767423e-04 1.797588e-03 4.268500e-02
      vertex 1.000000e-03 1.732051e-03 4.268500e-02
    endloop
  endfacet
  facet normal 4.005647e-01 8.996830e-01 1.735465e-01
    outer loop
      vertex 2.630227e-03 5.392764e-03 2.000000e-02
      vertex 2.247640e-03 5.563103e-03 2.000000e-02
      vertex 8.767423e-04 1.797588e-03 4.268500e-02
    endloop
  endfacet
  facet normal 4.005647e-01 8.996830e-01 1.735465e-01
    outer loop
      vertex 2.247640e-03 5.563103e-03 2.000000e-02
      vertex 7.492132e-04 1.854368e-03 4.268500e-02
      vertex 8.767423e-04 1.797588e-03 4.268500e-02
    endloop
  endfacet
  facet normal 3.368302e-01 9.254334e-01 1.735465e-01
    outer loop
      vertex 2.247640e-03 5.563103e-03 2.000000e-02
      vertex 1.854102e-03 5.706339e-03 2.000000e-02
      vertex 7.492132e-04 1.854368e-03 4.268500e-02
    endloop
  endfacet
  facet normal 3.368302e-01 9.254334e-01 1.735465e-01
    outer loop
      vertex 1.854102e-03 5.706339e-03 2.000000e-02
      vertex 6.180340e-04 1.902113e-03 4.268500e-02
      vertex 7.492132e-04 1.854368e-03 4.268500e-02
    endloop
  endfacet
  facet normal 2.714547e-01 9.466752e-01 1.735465e-01
    outer loop
      vertex 1.854102e-03 5.706339e-03 2.000000e-02
      vertex 1.451531e-03 5.821774e-03 2.000000e-02
      vertex 6.180340e-04 1.902113e-03 4.268500e-02
    endloop
  endfacet
  facet normal 2.714547e-01 9.466752e-01 1.735465e-01
    outer loop
      vertex 1.451531e-03 5.821774e-03 2.000000e-02
      vertex 4.838438e-04 1.940591e-03 4.268500e-02
      vertex 6.180340e-04 1.902113e-03 4.268500e-02
    endloop
  endfacet
  facet normal 2.047568e-01 9.633049e-01 1.735465e-01
    outer loop
      vertex 1.451531e-03 5.821774e-03 2.000000e-02
      vertex 1.041889e-03 5.908847e-03 2.000000e-02
      vertex 4.838438e-04 1.940591e-03 4.268500e-02
    endloop
  endfacet
  facet normal 2.047568e-01 9.633049e-01 1.735465e-01
    outer loop
      vertex 1.041889e-03 5.908847e-03 2.000000e-02
      vertex 3.472964e-04 1.969616e-03 4.268500e-02
      vertex 4.838438e-04 1.940591e-03 4.268500e-02
    endloop
  endfacet
  facet normal 1.370612e-01 9.752414e-01 1.735465e-01
    outer loop
      vertex 1.041889e-03 5.908847e-03 2.000000e-02
      vertex 6.271708e-04 5.967131e-03 2.000000e-02
      vertex 3.472964e-04 1.969616e-03 4.268500e-02
    endloop
  endfacet
  facet normal 1.370612e-01 9.752414e-01 1.735465e-01
    outer loop
      vertex 6.271708e-04 5.967131e-03 2.000000e-02
      vertex 2.090569e-04 1.989044e-03 4.268500e-02
      vertex 3.472964e-04 1.969616e-03 4.268500e-02
    endloop
  endfacet
  facet normal 6.869797e-02 9.824267e-01 1.735465e-01
    outer loop
      vertex 6.271708e-04 5.967131e-03 2.000000e-02
      vertex 2.093970e-04 5.996345e-03 2.000000e-02
      vertex 2.090569e-04 1.989044e-03 4.268500e-02
    endloop
  endfacet
  facet normal 6.869797e-02 9.824267e-01 1.735465e-01
    outer loop
      vertex 2.093970e-04 5.996345e-03 2.000000e-02
      vertex 6.979899e-05 1.998782e-03 4.268500e-02
      vertex 2.090569e-04 1.989044e-03 4.268500e-02
    endloop
  endfacet
  facet normal 0.000000e+00 9.848257e-01 1.735465e-01
    outer loop
      vertex 2.093970e-04 5.996345e-03 2.000000e-02
      vertex -2.093970e-04 5.996345e-03 2.000000e-02
      vertex 6.979899e-05 1.998782e-03 4.268500e-02
    endloop
  endfacet
  facet normal 0.000000e+00 9.848257e-01 1.735465e-01
    outer loop
      vertex -2.093970e-04 5.996345e-03 2.000000e-02
      vertex -6.979899e-05 1.998782e-03 4.268500e-02
      vertex 6.979899e-05 1.998782e-03 4.268500e-02
    endloop
  endfacet
  facet normal -6.869797e-02 9.824267e-01 1.735465e-01
    outer loop
      vertex -2.093970e-04 5.996345e-03 2.000000e-02
      vertex -6.271708e-04 5.967131e-03 2.000000e-02
      vertex -6.979899e-05 1.998782e-03 4.268500e-02
    endloop
  endfacet
  facet normal -6.869797e-02 9.824267e-01 1.735465e-01
    outer loop
      vertex -6.271708e-04 5.967131e-03 2.000000e-02
      vertex -2.090569e-04 1.989044e-03 4.268500e-02
      vertex -6.979899e-05 1.998782e-03 4.268500e-02
    endloop
  endfacet
  facet normal -1.370612e-01 9.752414e-01 1.735465e-01
    outer loop
      vertex -6.271708e-04 5.967131e-03 2.000000e-02
      vertex -1.041889e-03 5.908847e-03 2.000000e-02
      vertex -2.090569e-04 1.989044e-03 4.268500e-02
    endloop
  endfacet
  facet normal -1.370612e-01 9.752414e-01 1.735465e-01
    outer loop
      vertex -1.041889e-03 5.908847e-03 2.000000e-02
      vertex -3.472964e-04 1.969616e-03 4.268500e-02
      vertex -2.090569e-04 1.989044e-03 4.268500e-02
    endloop
  endfacet
  facet normal -2.047568e-01 9.633049e-01 1.735465e-01
    outer loop
      vertex -1.041889e-03 5.908847e-03 2.000000e-02
      vertex -1.451531e-03 5.821774e-03 2.000000e-02
      vertex -3.472964e-04 1.969616e-03 4.268500e-02
    endloop
  endfacet
  facet normal -2.047568e-01 9.633049e-01 1.735465e-01
    outer loop
      vertex -1.451531e-03 5.821774e-03 2.000000e-02
      vertex -4.838438e-04 1.940591e-03 4.268500e-02
      vertex -3.472964e-04 1.969616e-03 4.268500e-02
    endloop
  endfacet
  facet normal -2.714547e-01 9.466752e-01 1.735465e-01
    outer loop
      vertex -1.451531e-03 5.821774e-03 2.000000e-02
      vertex -1.854102e-03 5.706339e-03 2.000000e-02
      vertex -4.838438e-04 1.940591e-03 4.268500e-02
    endloop
  endfacet
  facet normal -2.714547e-01 9.466752e-01 1.735465e-01
    outer loop
      vertex -1.854102e-03 5.706339e-03 2.000000e-02
      vertex -6.180340e-04 1.902113e-03 4.268500e-02
      vertex -4.838438e-04 1.940591e-03 4.268500e-02
    endloop
  endfacet
  facet normal -3.368302e-01 9.254334e-01 1.735465e-01
    outer loop
      vertex -1.854102e-03 5.706339e-03 2.000000e-02
      vertex -2.247640e-03 5.563103e-03 2.000000e-02
      vertex -6.180340e-04 1.902113e-03 4.268500e-02
    endloop
  endfacet
  facet normal -3.368302e-01 9.254334e-01 1.735465e-01
    outer loop
      vertex -2.247640e-03 5.563103e-03 2.000000e-02
      vertex -7.492132e-04 1.854368e-03 4.268500e-02
      vertex -6.180340e-04 1.902113e-03 4.268500e-02
    endloop
  endfacet
  facet normal -4.005647e-01 8.996830e-01 1.735465e-01
    outer loop
      vertex -2.247640e-03 5.563103e-03 2.000000e-02
      vertex -2.630227e-03 5.392764e-03 2.000000e-02
      vertex -7.492132e-04 1.854368e-03 4.268500e-02
    endloop
  endfacet
  facet normal -4.005647e-01 8.996830e-01 1.735465e-01
    outer loop
      vertex -2.630227e-03 5.392764e-03 2.000000e-02
      vertex -8.767423e-04 1.797588e-03 4.268500e-02
      vertex -7.492132e-04 1.854368e-03 4.268500e-02
    endloop
  endfacet
  facet normal -4.623476e-01 8.695495e-01 1.735465e-01
    outer loop
      vertex -2.630227e-03 5.392764e-03 2.000000e-02
      vertex -3.000000e-03 5.196152e-03 2.000000e-02
      vertex -8.767423e-04 1.797588e-03 4.268500e-02
    endloop
  endfacet
  facet normal -4.623476e-01 8.695495e-01 1.735465e-01
    outer loop
      vertex -3.000000e-03 5.196152e-03 2.000000e-02
      vertex -1.000000e-03 1.732051e-03 4.268500e-02
      vertex -8.767423e-04 1.797588e-03 4.268500e-02
    endloop
  endfacet
  facet normal -5.218781e-01 8.351795e-01 1.735465e-01
    outer loop
      vertex -3.000000e-03 5.196152e-03 2.000000e-02
      vertex -3.355157e-03 4.974225e-03 2.000000e-02
      vertex -1.000000e-03 1.732051e-03 4.268500e-02
    endloop
  endfacet
  facet normal -5.218781e-01 8.351795e-01 1.735465e-01
    outer loop
      vertex -3.355157e-03 4.974225e-03 2.000000e-02
      vertex -1.118386e-03 1.658075e-03 4.268500e-02
      vertex -1.000000e-03 1.732051e-03 4.268500e-02
    endloop
  endfacet
  facet normal -5.788660e-01 7.967407e-01 1.735465e-01
    outer loop
      vertex -3.355157e-03 4.974225e-03 2.000000e-02
      vertex -3.693969e-03 4.728065e-03 2.000000e-02
      vertex -1.118386e-03 1.658075e-03 4.268500e-02
    endloop
  endfacet
  facet normal -5.788660e-01 7.967407e-01 1.735465e-01
    outer loop
      vertex -3.693969e-03 4.728065e-03 2.000000e-02
      vertex -1.231323e-03 1.576022e-03 4.268500e-02
      vertex -1.118386e-03 1.658075e-03 4.268500e-02
    endloop
  endfacet
  facet normal -6.330337e-01 7.544202e-01 1.735465e-01
    outer loop
      vertex -3.693969e-03 4.728065e-03 2.000000e-02
      vertex -4.014784e-03 4.458869e-03 2.000000e-02
      vertex -1.231323e-03 1.576022e-03 4.268500e-02
    endloop
  endfacet
  facet normal -6.330337e-01 7.544202e-01 1.735465e-01
    outer loop
      vertex -4.014784e-03 4.458869e-03 2.000000e-02
      vertex -1.338261e-03 1.486290e-03 4.268500e-02
      vertex -1.231323e-03 1.576022e-03 4.268500e-02
    endloop
  endfacet
  facet normal -6.841174e-01 7.084243e-01 1.735465e-01
    outer loop
      vertex -4.014784e-03 4.458869e-03 2.000000e-02
      vertex -4.316039e-03 4.167950e-03 2.000000e-02
      vertex -1.338261e-03 1.486290e-03 4.268500e-02
    endloop
  endfacet
  facet normal -6.841174e-01 7.084243e-01 1.735465e-01
    outer loop
      vertex -4.316039e-03 4.167950e-03 2.000000e-02
      vertex -1.438680e-03 1.389317e-03 4.268500e-02
      vertex -1.338261e-03 1.486290e-03 4.268500e-02
    endloop
  endfacet
  facet normal -7.318681e-01 6.589770e-01 1.735465e-01
    outer loop
      vertex -4.316039e-03 4.167950e-03 2.000000e-02
      vertex -4.596267e-03 3.856726e-03 2.000000e-02
      vertex -1.438680e-03 1.389317e-03 4.268500e-02
    endloop
  endfacet
  facet normal -7.318681e-01 6.589770e-01 1.735465e-01
    outer loop
      vertex -4.596267e-03 3.856726e-03 2.000000e-02
      vertex -1.532089e-03 1.285575e-03 4.268500e-02
      vertex -1.438680e-03 1.389317e-03 4.268500e-02
    endloop
  endfacet
  facet normal -7.760532e-01 6.063192e-01 1.735465e-01
    outer loop
      vertex -4.596267e-03 3.856726e-03 2.000000e-02
      vertex -4.854102e-03 3.526712e-03 2.000000e-02
      vertex -1.532089e-03 1.285575e-03 4.268500e-02
    endloop
  endfacet
  facet normal -7.760532e-01 6.063192e-01 1.735465e-01
    outer loop
      vertex -4.854102e-03 3.526712e-03 2.000000e-02
      vertex -1.618034e-03 1.175571e-03 4.268500e-02
      vertex -1.532089e-03 1.285575e-03 4.268500e-02
    endloop
  endfacet
  facet normal -8.164575e-01 5.507075e-01 1.735465e-01
    outer loop
      vertex -4.854102e-03 3.526712e-03 2.000000e-02
      vertex -5.088289e-03 3.179516e-03 2.000000e-02
      vertex -1.618034e-03 1.175571e-03 4.268500e-02
    endloop
  endfacet
  facet normal -8.164575e-01 5.507075e-01 1.735465e-01
    outer loop
      vertex -5.088289e-03 3.179516e-03 2.000000e-02
      vertex -1.696096e-03 1.059839e-03 4.268500e-02
      vertex -1.618034e-03 1.175571e-03 4.268500e-02
    endloop
  endfacet
  facet normal -8.528840e-01 4.924128e-01 1.735465e-01
    outer loop
      vertex -5.088289e-03 3.179516e-03 2.000000e-02
      vertex -5.297686e-03 2.816829e-03 2.000000e-02
      vertex -1.696096e-03 1.059839e-03 4.268500e-02
    endloop
  endfacet
  facet normal -8.528840e-01 4.924128e-01 1.735465e-01
    outer loop
      vertex -5.297686e-03 2.816829e-03 2.000000e-02
      vertex -1.765895e-03 9.389431e-04 4.268500e-02
      vertex -1.696096e-03 1.059839e-03 4.268500e-02
    endloop
  endfacet
  facet normal -8.851555e-01 4.317192e-01 1.735465e-01
    outer loop
      vertex -5.297686e-03 2.816829e-03 2.000000e-02
      vertex -5.481273e-03 2.440420e-03 2.000000e-02
      vertex -1.765895e-03 9.389431e-04 4.268500e-02
    endloop
  endfacet
  facet normal -8.851555e-01 4.317192e-01 1.735465e-01
    outer loop
      vertex -5.481273e-03 2.440420e-03 2.000000e-02
      vertex -1.827091e-03 8.134733e-04 4.268500e-02
      vertex -1.765895e-03 9.389431e-04 4.268500e-02
    endloop
  endfacet
  facet normal -9.131145e-01 3.689222e-01 1.735465e-01
    outer loop
      vertex -5.481273e-03 2.440420e-03 2.000000e-02
      vertex -5.638156e-03 2.052121e-03 2.000000e-02
      vertex -1.827091e-03 8.134733e-04 4.268500e-02
    endloop
  endfacet
  facet normal -9.131145e-01 3.689222e-01 1.735465e-01
    outer loop
      vertex -5.638156e-03 2.052121e-03 2.000000e-02
      vertex -1.879385e-03 6.840403e-04 4.268500e-02
      vertex -1.827091e-03 8.134733e-04 4.268500e-02
    endloop
  endfacet
  facet normal -9.366249e-01 3.043279e-01 1.735465e-01
    outer loop
      vertex -5.638156e-03 2.052121e-03 2.000000e-02
      vertex -5.767570e-03 1.653824e-03 2.000000e-02
      vertex -1.879385e-03 6.840403e-04 4.268500e-02
    endloop
  endfacet
  facet normal -9.366249e-01 3.043279e-01 1.735465e-01
    outer loop
      vertex -5.767570e-03 1.653824e-03 2.000000e-02
      vertex -1.922523e-03 5.512747e-04 4.268500e-02
      vertex -1.879385e-03 6.840403e-04 4.268500e-02
    endloop
  endfacet
  facet normal -9.555721e-01 2.382509e-01 1.735465e-01
    outer loop
      vertex -5.767570e-03 1.653824e-03 2.000000e-02
      vertex -5.868886e-03 1.247470e-03 2.000000e-02
      vertex -1.922523e-03 5.512747e-04 4.268500e-02
    endloop
  endfacet
  facet normal -9.555721e-01 2.382509e-01 1.735465e-01
    outer loop
      vertex -5.868886e-03 1.247470e-03 2.000000e-02
      vertex -1.956295e-03 4.158234e-04 4.268500e-02
      vertex -1.922523e-03 5.512747e-04 4.268500e-02
    endloop
  endfacet
  facet normal -9.698640e-01 1.710132e-01 1.735465e-01
    outer loop
      vertex -5.868886e-03 1.247470e-03 2.000000e-02
      vertex -5.941608e-03 8.350386e-04 2.000000e-02
      vertex -1.956295e-03 4.158234e-04 4.268500e-02
    endloop
  endfacet
  facet normal -9.698640e-01 1.710132e-01 1.735465e-01
    outer loop
      vertex -5.941608e-03 8.350386e-04 2.000000e-02
      vertex -1.980536e-03 2.783462e-04 4.268500e-02
      vertex -1.956295e-03 4.158234e-04 4.268500e-02
    endloop
  endfacet
  facet normal -9.794307e-01 1.029423e-01 1.735465e-01
    outer loop
      vertex -5.941608e-03 8.350386e-04 2.000000e-02
      vertex -5.985384e-03 4.185388e-04 2.000000e-02
      vertex -1.980536e-03 2.783462e-04 4.268500e-02
    endloop
  endfacet
  facet normal -9.794307e-01 1.029423e-01 1.735465e-01
    outer loop
      vertex -5.985384e-03 4.185388e-04 2.000000e-02
      vertex -1.995128e-03 1.395129e-04 4.268500e-02
      vertex -1.980536e-03 2.783462e-04 4.268500e-02
    endloop
  endfacet
  facet normal -9.842257e-01 3.436992e-02 1.735465e-01
    outer loop
      vertex -5.985384e-03 4.185388e-04 2.000000e-02
      vertex -6.000000e-03 7.347881e-19 2.000000e-02
      vertex -1.995128e-03 1.395129e-04 4.268500e-02
    endloop
  endfacet
  facet normal -9.842257e-01 3.436992e-02 1.735465e-01
    outer loop
      vertex -6.000000e-03 7.347881e-19 2.000000e-02
      vertex -2.000000e-03 2.449294e-19 4.268500e-02
      vertex -1.995128e-03 1.395129e-04 4.268500e-02
    endloop
  endfacet
  facet normal -9.842257e-01 -3.436992e-02 1.735465e-01
    outer loop
      vertex -6.000000e-03 7.347881e-19 2.000000e-02
      vertex -5.985384e-03 -4.185388e-04 2.000000e-02
      vertex -2.000000e-03 2.449294e-19 4.268500e-02
    endloop
  endfacet
  facet normal -9.842257e-01 -3.436992e-02 1.735465e-01
    outer loop
      vertex -5.985384e-03 -4.185388e-04 2.000000e-02
      vertex -1.995128e-03 -1.395129e-04 4.268500e-02
      vertex -2.000000e-03 2.449294e-19 4.268500e-02
    endloop
  endfacet
  facet normal -9.794307e-01 -1.029423e-01 1.735465e-01
    outer loop
      vertex -5.985384e-03 -4.185388e-04 2.000000e-02
      vertex -5.941608e-03 -8.350386e-04 2.000000e-02
      vertex -1.995128e-03 -1.395129e-04 4.268500e-02
    endloop
  endfacet
  facet normal -9.794307e-01 -1.029423e-01 1.735465e-01
    outer loop
      vertex -5.941608e-03 -8.350386e-04 2.000000e-02
      vertex -1.980536e-03 -2.783462e-04 4.268500e-02
      vertex -1.995128e-03 -1.395129e-04 4.268500e-02
    endloop
  endfacet
  facet normal -9.698640e-01 -1.710132e-01 1.735465e-01
    outer loop
      vertex -5.941608e-03 -8.350386e-04 2.000000e-02
      vertex -5.868886e-03 -1.247470e-03 2.000000e-02
      vertex -1.980536e-03 -2.783462e-04 4.268500e-02
    endloop
  endfacet
  facet normal -9.698640e-01 -1.710132e-01 1.735465e-01
    outer loop
      vertex -5.868886e-03 -1.247470e-03 2.000000e-02
      vertex -1.956295e-03 -4.158234e-04 4.268500e-02
      vertex -1.980536e-03 -2.783462e-04 4.268500e-02
    endloop
  endfacet
  facet normal -9.555721e-01 -2.382509e-01 1.735465e-01
    outer loop
      vertex -5.868886e-03 -1.247470e-03 2.000000e-02
      vertex -5.767570e-03 -1.653824e-03 2.000000e-02
      vertex -1.956295e-03 -4.158234e-04 4.268500e-02
    endloop
  endfacet
  facet normal -9.555721e-01 -2.382509e-01 1.735465e-01
    outer loop
      vertex -5.767570e-03 -1.653824e-03 2.000000e-02
      vertex -1.922523e-03 -5.512747e-04 4.268500e-02
      vertex -1.956295e-03 -4.158234e-04 4.268500e-02
    endloop
  endfacet
  facet normal -9.366249e-01 -3.043279e-01 1.735465e-01
    outer loop
      vertex -5.767570e-03 -1.653824e-03 2.000000e-02
      vertex -5.638156e-03 -2.052121e-03 2.000000e-02
      vertex -1.922523e-03 -5.512747e-04 4.268500e-02
    endloop
  endfacet
  facet normal -9.366249e-01 -3.043279e-01 1.735465e-01
    outer loop
      vertex -5.638156e-03 -2.052121e-03 2.000000e-02
      vertex -1.879385e-03 -6.840403e-04 4.268500e-02
      vertex -1.922523e-03 -5.512747e-04 4.268500e-02
    endloop
  endfacet
  facet normal -9.131145e-01 -3.689222e-01 1.735465e-01
    outer loop
      vertex -5.638156e-03 -2.052121e-03 2.000000e-02
      vertex -5.481273e-03 -2.440420e-03 2.000000e-02
      vertex -1.879385e-03 -6.840403e-04 4.268500e-02
    endloop
  endfacet
  facet normal -9.131145e-01 -3.689222e-01 1.735465e-01
    outer loop
      vertex -5.481273e-03 -2.440420e-03 2.000000e-02
      vertex -1.827091e-03 -8.134733e-04 4.268500e-02
      vertex -1.879385e-03 -6.840403e-04 4.268500e-02
    endloop
  endfacet
  facet normal -8.851555e-01 -4.317192e-01 1.735465e-01
    outer loop
      vertex -5.481273e-03 -2.440420e-03 2.000000e-02
      vertex -5.297686e-03 -2.816829e-03 2.000000e-02
      vertex -1.827091e-03 -8.134733e-04 4.268500e-02
    endloop
  endfacet
  facet normal -8.851555e-01 -4.317192e-01 1.735465e-01
    outer loop
      vertex -5.297686e-03 -2.816829e-03 2.000000e-02
      vertex -1.765895e-03 -9.389431e-04 4.268500e-02
      vertex -1.827091e-03 -8.134733e-04 4.268500e-02
    endloop
  endfacet
  facet normal -8.528840e-01 -4.924128e-01 1.735465e-01
    outer loop
      vertex -5.297686e-03 -2.816829e-03 2.000000e-02
      vertex -5.088289e-03 -3.179516e-03 2.000000e-02
      vertex -1.765895e-03 -9.389431e-04 4.268500e-02
    endloop
  endfacet
  facet normal -8.528840e-01 -4.924128e-01 1.735465e-01
    outer loop
      vertex -5.088289e-03 -3.179516e-03 2.000000e-02
      vertex -1.696096e-03 -1.059839e-03 4.268500e-02
      vertex -1.765895e-03 -9.389431e-04 4.268500e-02
    endloop
  endfacet
  facet normal -8.164575e-01 -5.507075e-01 1.735465e-01
    outer loop
      vertex -5.088289e-03 -3.179516e-03 2.000000e-02
      vertex -4.854102e-03 -3.526712e-03 2.000000e-02
      vertex -1.696096e-03 -1.059839e-03 4.268500e-02
    endloop
  endfacet
  facet normal -8.164575e-01 -5.507075e-01 1.735465e-01
    outer loop
      vertex -4.854102e-03 -3.526712e-03 2.000000e-02
      vertex -1.618034e-03 -1.175571e-03 4.268500e-02
      vertex -1.696096e-03 -1.059839e-03 4.268500e-02
    endloop
  endfacet
  facet normal -7.760532e-01 -6.063192e-01 1.735465e-01
    outer loop
      vertex -4.854102e-03 -3.526712e-03 2.000000e-02
      vertex -4.596267e-03 -3.856726e-03 2.000000e-02
      vertex -1.618034e-03 -1.175571e-03 4.268500e-02
    endloop
  endfacet
  facet normal -7.760532e-01 -6.063192e-01 1.735465e-01
    outer loop
      vertex -4.596267e-03 -3.856726e-03 2.000000e-02
      vertex -1.532089e-03 -1.285575e-03 4.268500e-02
      vertex -1.618034e-03 -1.175571e-03 4.268500e-02
    endloop
  endfacet
  facet normal -7.318681e-01 -6.589770e-01 1.735465e-01
    outer loop
      vertex -4.596267e-03 -3.856726e-03 2.000000e-02
      vertex -4.316039e-03 -4.167950e-03 2.000000e-02
      vertex -1.532089e-03 -1.285575e-03 4.268500e-02
    endloop
  endfacet
  facet normal -7.318681e-01 -6.589770e-01 1.735465e-01
    outer loop
      vertex -4.316039e-03 -4.167950e-03 2.000000e-02
      vertex -1.438680e-03 -1.389317e-03 4.268500e-02
      vertex -1.532089e-03 -1.285575e-03 4.268500e-02
    endloop
  endfacet
  facet normal -6.841174e-01 -7.084243e-01 1.735465e-01
    outer loop
      vertex -4.316039e-03 -4.167950e-03 2.000000e-02
      vertex -4.014784e-03 -4.458869e-03 2.000000e-02
      vertex -1.438680e-03 -1.389317e-03 4.268500e-02
    endloop
  endfacet
  facet normal -6.841174e-01 -7.084243e-01 1.735465e-01
    outer loop
      vertex -4.014784e-03 -4.458869e-03 2.000000e-02
      vertex -1.338261e-03 -1.486290e-03 4.268500e-02
      vertex -1.438680e-03 -1.389317e-03 4.268500e-02
    endloop
  endfacet
  facet normal -6.330337e-01 -7.544202e-01 1.735465e-01
    outer loop
      vertex -4.014784e-03 -4.458869e-03 2.000000e-02
      vertex -3.693969e-03 -4.728065e-03 2.000000e-02
      vertex -1.338261e-03 -1.486290e-03 4.268500e-02
    endloop
  endfacet
  facet normal -6.330337e-01 -7.544202e-01 1.735465e-01
    outer loop
      vertex -3.693969e-03 -4.728065e-03 2.000000e-02
      vertex -1.231323e-03 -1.576022e-03 4.268500e-02
      vertex -1.338261e-03 -1.486290e-03 4.268500e-02
    endloop
  endfacet
  facet normal -5.788660e-01 -7.967407e-01 1.735465e-01
    outer loop
      vertex -3.693969e-03 -4.728065e-03 2.000000e-02
      vertex -3.355157e-03 -4.974225e-03 2.000000e-02
      vertex -1.231323e-03 -1.576022e-03 4.268500e-02
    endloop
  endfacet
  facet normal -5.788660e-01 -7.967407e-01 1.735465e-01
    outer loop
      vertex -3.355157e-03 -4.974225e-03 2.000000e-02
      vertex -1.118386e-03 -1.658075e-03 4.268500e-02
      vertex -1.231323e-03 -1.576022e-03 4.268500e-02
    endloop
  endfacet
  facet normal -5.218781e-01 -8.351795e-01 1.735465e-01
    outer loop
      vertex -3.355157e-03 -4.974225e-03 2.000000e-02
      vertex -3.000000e-03 -5.196152e-03 2.000000e-02
      vertex -1.118386e-03 -1.658075e-03 4.268500e-02
    endloop
  endfacet
  facet normal -5.218781e-01 -8.351795e-01 1.735465e-01
    outer loop
      vertex -3.000000e-03 -5.196152e-03 2.000000e-02
      vertex -1.000000e-03 -1.732051e-03 4.268500e-02
      vertex -1.118386e-03 -1.658075e-03 4.268500e-02
    endloop
  endfacet
  facet normal -4.623476e-01 -8.695495e-01 1.735465e-01
    outer loop
      vertex -3.000000e-03 -5.196152e-03 2.000000e-02
      vertex -2.630227e-03 -5.392764e-03 2.000000e-02
      vertex -1.000000e-03 -1.732051e-03 4.268500e-02
    endloop
  endfacet
  facet normal -4.623476e-01 -8.695495e-01 1.735465e-01
    outer loop
      vertex -2.630227e-03 -5.392764e-03 2.000000e-02
      vertex -8.767423e-04 -1.797588e-03 4.268500e-02
      vertex -1.000000e-03 -1.732051e-03 4.268500e-02
    endloop
  endfacet
  facet normal -4.005647e-01 -8.996830e-01 1.735465e-01
    outer loop
      vertex -2.630227e-03 -5.392764e-03 2.000000e-02
      vertex -2.247640e-03 -5.563103e-03 2.000000e-02
      vertex -8.767423e-04 -1.797588e-03 4.268500e-02
    endloop
  endfacet
  facet normal -4.005647e-01 -8.996830e-01 1.735465e-01
    outer loop
      vertex -2.247640e-03 -5.563103e-03 2.000000e-02
      vertex -7.492132e-04 -1.854368e-03 4.268500e-02
      vertex -8.767423e-04 -1.797588e-03 4.268500e-02
    endloop
  endfacet
  facet normal -3.368302e-01 -9.254334e-01 1.735465e-01
    outer loop
      vertex -2.247640e-03 -5.563103e-03 2.000000e-02
      vertex -1.854102e-03 -5.706339e-03 2.000000e-02
      vertex -7.492132e-04 -1.854368e-03 4.268500e-02
    endloop
  endfacet
  facet normal -3.368302e-01 -9.254334e-01 1.735465e-01
    outer loop
      vertex -1.854102e-03 -5.706339e-03 2.000000e-02
      vertex -6.180340e-04 -1.902113e-03 4.268500e-02
      vertex -7.492132e-04 -1.854368e-03 4.268500e-02
    endloop
  endfacet
  facet normal -2.714547e-01 -9.466752e-01 1.735465e-01
    outer loop
      vertex -1.854102e-03 -5.706339e-03 2.000000e-02
      vertex -1.451531e-03 -5.821774e-03 2.000000e-02
      vertex -6.180340e-04 -1.902113e-03 4.268500e-02
    endloop
  endfacet
  facet normal -2.714547e-01 -9.466752e-01 1.735465e-01
    outer loop
      vertex -1.451531e-03 -5.821774e-03 2.000000e-02
      vertex -4.838438e-04 -1.940591e-03 4.268500e-02
      vertex -6.180340e-04 -1.902113e-03 4.268500e-02
    endloop
  endfacet
  facet normal -2.047568e-01 -9.633049e-01 1.735465e-01
    outer loop
      vertex -1.451531e-03 -5.821774e-03 2.000000e-02
      vertex -1.041889e-03 -5.908847e-03 2.000000e-02
      vertex -4.838438e-04 -1.940591e-03 4.268500e-02
    endloop
  endfacet
  facet normal -2.047568e-01 -9.633049e-01 1.735465e-01
    outer loop
      vertex -1.041889e-03 -5.908847e-03 2.000000e-02
      vertex -3.472964e-04 -1.969616e-03 4.268500e-02
      vertex -4.838438e-04 -1.940591e-03 4.268500e-02
    endloop
  endfacet
  facet normal -1.370612e-01 -9.752414e-01 1.735465e-01
    outer loop
      vertex -1.041889e-03 -5.908847e-03 2.000000e-02
      vertex -6.271708e-04 -5.967131e-03 2.000000e-02
      vertex -3.472964e-04 -1.969616e-03 4.268500e-02
    endloop
  endfacet
  facet normal -1.370612e-01 -9.752414e-01 1.735465e-01
    outer loop
      vertex -6.271708e-04 -5.967131e-03 2.000000e-02
      vertex -2.090569e-04 -1.989044e-03 4.268500e-02
      vertex -3.472964e-04 -1.969616e-03 4.268500e-02
    endloop
  endfacet
  facet normal -6.869797e-02 -9.824267e-01 1.735465e-01
    outer loop
      vertex -6.271708e-04 -5.967131e-03 2.000000e-02
      vertex -2.093970e-04 -5.996345e-03 2.000000e-02
      vertex -2.090569e-04 -1.989044e-03 4.268500e-02
    endloop
  endfacet
  facet normal -6.869797e-02 -9.824267e-01 1.735465e-01
    outer loop
      vertex -2.093970e-04 -5.996345e-03 2.000000e-02
      vertex -6.979899e-05 -1.998782e-03 4.268500e-02
      vertex -2.090569e-04 -1.989044e-03 4.268500e-02
    endloop
  endfacet
  facet normal 0.000000e+00 -9.848257e-01 1.735465e-01
    outer loop
      vertex -2.093970e-04 -5.996345e-03 2.000000e-02
      vertex 2.093970e-04 -5.996345e-03 2.000000e-02
      vertex -6.979899e-05 -1.998782e-03 4.268500e-02
    endloop
  endfacet
  facet normal 0.000000e+00 -9.848257e-01 1.735465e-01
    outer loop
      vertex 2.093970e-04 -5.996345e-03 2.000000e-02
      vertex 6.979899e-05 -1.998782e-03 4.268500e-02
      vertex -6.979899e-05 -1.998782e-03 4.268500e-02
    endloop
  endfacet
  facet normal 6.869797e-02 -9.824267e-01 1.735465e-01
    outer loop
      vertex 2.093970e-04 -5.996345e-03 2.000000e-02
      vertex 6.271708e-04 -5.967131e-03 2.000000e-02
      vertex 6.979899e-05 -1.998782e-03 4.268500e-02
    endloop
  endfacet
  facet normal 6.869797e-02 -9.824267e-01 1.735465e-01
    outer loop
      vertex 6.271708e-04 -5.967131e-03 2.000000e-02
      vertex 2.090569e-04 -1.989044e-03 4.268500e-02
      vertex 6.979899e-05 -1.998782e-03 4.268500e-02
    endloop
  endfacet
  facet normal 1.370612e-01 -9.752414e-01 1.735465e-01
    outer loop
      vertex 6.271708e-04 -5.967131e-03 2.000000e-02
      vertex 1.041889e-03 -5.908847e-03 2.000000e-02
      vertex 2.090569e-04 -1.989044e-03 4.268500e-02
    endloop
  endfacet
  facet normal 1.370612e-01 -9.752414e-01 1.735465e-01
    outer loop
      vertex 1.041889e-03 -5.908847e-03 2.000000e-02
      vertex 3.472964e-04 -1.969616e-03 4.268500e-02
      vertex 2.090569e-04 -1.989044e-03 4.268500e-02
    endloop
  endfacet
  facet normal 2.047568e-01 -9.633049e-01 1.735465e-01
    outer loop
      vertex 1.041889e-03 -5.908847e-03 2.000000e-02
      vertex 1.451531e-03 -5.821774e-03 2.000000e-02
      vertex 3.472964e-04 -1.969616e-03 4.268500e-02
    endloop
  endfacet
  facet normal 2.047568e-01 -9.633049e-01 1.735465e-01
    outer loop
      vertex 1.451531e-03 -5.821774e-03 2.000000e-02
      vertex 4.838438e-04 -1.940591e-03 4.268500e-02
      vertex 3.472964e-04 -1.969616e-03 4.268500e-02
    endloop
  endfacet
  facet normal 2.714547e-01 -9.466752e-01 1.735465e-01
    outer loop
      vertex 1.451531e-03 -5.821774e-03 2.000000e-02
      vertex 1.854102e-03 -5.706339e-03 2.000000e-02
      vertex 4.838438e-04 -1.940591e-03 4.268500e-02
    endloop
  endfacet
  facet normal 2.714547e-01 -9.466752e-01 1.735465e-01
    outer loop
      vertex 1.854102e-03 -5.706339e-03 2.000000e-02
      vertex 6.180340e-04 -1.902113e-03 4.268500e-02
      vertex 4.838438e-04 -1.940591e-03 4.268500e-02
    endloop
  endfacet
  facet normal 3.368302e-01 -9.254334e-01 1.735465e-01
    outer loop
      vertex 1.854102e-03 -5.706339e-03 2.000000e-02
      vertex 2.247640e-03 -5.563103e-03 2.000000e-02
      vertex 6.180340e-04 -1.902113e-03 4.268500e-02
    endloop
  endfacet
  facet normal 3.368302e-01 -9.254334e-01 1.735465e-01
    outer loop
      vertex 2.247640e-03 -5.563103e-03 2.000000e-02
      vertex 7.492132e-04 -1.854368e-03 4.268500e-02
      vertex 6.180340e-04 -1.902113e-03 4.268500e-02
    endloop
  endfacet
  facet normal 4.005647e-01 -8.996830e-01 1.735465e-01
    outer loop
      vertex 2.247640e-03 -5.563103e-03 2.000000e-02
      vertex 2.630227e-03 -5.392764e-03 2.000000e-02
      vertex 7.492132e-04 -1.854368e-03 4.268500e-02
    endloop
  endfacet
  facet normal 4.005647e-01 -8.996830e-01 1.735465e-01
    outer loop
      vertex 2.630227e-03 -5.392764e-03 2.000000e-02
      vertex 8.767423e-04 -1.797588e-03 4.268500e-02
      vertex 7.492132e-04 -1.854368e-03 4.268500e-02
    endloop
  endfacet
  facet normal 4.623476e-01 -8.695495e-01 1.735465e-01
    outer loop
      vertex 2.630227e-03 -5.392764e-03 2.000000e-02
      vertex 3.000000e-03 -5.196152e-03 2.000000e-02
      vertex 8.767423e-04 -1.797588e-03 4.268500e-02
    endloop
  endfacet
  facet normal 4.623476e-01 -8.695495e-01 1.735465e-01
    outer loop
      vertex 3.000000e-03 -5.196152e-03 2.000000e-02
      vertex 1.000000e-03 -1.732051e-03 4.268500e-02
      vertex 8.767423e-04 -1.797588e-03 4.268500e-02
    endloop
  endfacet
  facet normal 5.218781e-01 -8.351795e-01 1.735465e-01
    outer loop
      vertex 3.000000e-03 -5.196152e-03 2.000000e-02
      vertex 3.355157e-03 -4.974225e-03 2.000000e-02
      vertex 1.000000e-03 -1.732051e-03 4.268500e-02
    endloop
  endfacet
  facet normal 5.218781e-01 -8.351795e-01 1.735465e-01
    outer loop
      vertex 3.355157e-03 -4.974225e-03 2.000000e-02
      vertex 1.118386e-03 -1.658075e-03 4.268500e-02
      vertex 1.000000e-03 -1.732051e-03 4.268500e-02
    endloop
  endfacet
  facet normal 5.788660e-01 -7.967407e-01 1.735465e-01
    outer loop
      vertex 3.355157e-03 -4.974225e-03 2.000000e-02
      vertex 3.693969e-03 -4.728065e-03 2.000000e-02
      vertex 1.118386e-03 -1.658075e-03 4.268500e-02
    endloop
  endfacet
  facet normal 5.788660e-01 -7.967407e-01 1.735465e-01
    outer loop
      vertex 3.693969e-03 -4.728065e-03 2.000000e-02
      vertex 1.231323e-03 -1.576022e-03 4.268500e-02
      vertex 1.118386e-03 -1.658075e-03 4.268500e-02
    endloop
  endfacet
  facet normal 6.330337e-01 -7.544202e-01 1.735465e-01
    outer loop
      vertex 3.693969e-03 -4.728065e-03 2.000000e-02
      vertex 4.014784e-03 -4.458869e-03 2.000000e-02
      vertex 1.231323e-03 -1.576022e-03 4.268500e-02
    endloop
  endfacet
  facet normal 6.330337e-01 -7.544202e-01 1.735465e-01
    outer loop
      vertex 4.014784e-03 -4.458869e-03 2.000000e-02
      vertex 1.338261e-03 -1.486290e-03 4.268500e-02
      vertex 1.231323e-03 -1.576022e-03 4.268500e-02
    endloop
  endfacet
  facet normal 6.841174e-01 -7.084243e-01 1.735465e-01
    outer loop
      vertex 4.014784e-03 -4.458869e-03 2.000000e-02
      vertex 4.316039e-03 -4.167950e-03 2.000000e-02
      vertex 1.338261e-03 -1.486290e-03 4.268500e-02
    endloop
  endfacet
  facet normal 6.841174e-01 -7.084243e-01 1.735465e-01
    outer loop
      vertex 4.316039e-03 -4.167950e-03 2.000000e-02
      vertex 1.438680e-03 -1.389317e-03 4.268500e-02
      vertex 1.338261e-03 -1.486290e-03 4.268500e-02
    endloop
  endfacet
  facet normal 7.318681e-01 -6.589770e-01 1.735465e-01
    outer loop
      vertex 4.316039e-03 -4.167950e-03 2.000000e-02
      vertex 4.596267e-03 -3.856726e-03 2.000000e-02
      vertex 1.438680e-03 -1.389317e-03 4.268500e-02
    endloop
  endfacet
  facet normal 7.318681e-01 -6.589770e-01 1.735465e-01
    outer loop
      vertex 4.596267e-03 -3.856726e-03 2.000000e-02
      vertex 1.532089e-03 -1.285575e-03 4.268500e-02
      vertex 1.438680e-03 -1.389317e-03 4.268500e-02
    endloop
  endfacet
  facet normal 7.760532e-01 -6.063192e-01 1.735465e-01
    outer loop
      vertex 4.596267e-03 -3.856726e-03 2.000000e-02
      vertex 4.854102e-03 -3.526712e-03 2.000000e-02
      vertex 1.532089e-03 -1.285575e-03 4.268500e-02
    endloop
  endfacet
  facet normal 7.760532e-01 -6.063192e-01 1.735465e-01
    outer loop
      vertex 4.854102e-03 -3.526712e-03 2.000000e-02
      vertex 1.618034e-03 -1.175571e-03 4.268500e-02
      vertex 1.532089e-03 -1.285575e-03 4.268500e-02
    endloop
  endfacet
  facet normal 8.164575e-01 -5.507075e-01 1.735465e-01
    outer loop
      vertex 4.854102e-03 -3.526712e-03 2.000000e-02
      vertex 5.088289e-03 -3.179516e-03 2.000000e-02
      vertex 1.618034e-03 -1.175571e-03 4.268500e-02
    endloop
  endfacet
  facet normal 8.164575e-01 -5.507075e-01 1.735465e-01
    outer loop
      vertex 5.088289e-03 -3.179516e-03 2.000000e-02
      vertex 1.696096e-03 -1.059839e-03 4.268500e-02
      vertex 1.618034e-03 -1.175571e-03 4.268500e-02
    endloop
  endfacet
  facet normal 8.528840e-01 -4.924128e-01 1.735465e-01
    outer loop
      vertex 5.088289e-03 -3.179516e-03 2.000000e-02
      vertex 5.297686e-03 -2.816829e-03 2.000000e-02
      vertex 1.696096e-03 -1.059839e-03 4.268500e-02
    endloop
  endfacet
  facet normal 8.528840e-01 -4.924128e-01 1.735465e-01
    outer loop
      vertex 5.297686e-03 -2.816829e-03 2.000000e-02
      vertex 1.765895e-03 -9.389431e-04 4.268500e-02
      vertex 1.696096e-03 -1.059839e-03 4.268500e-02
    endloop
  endfacet
  facet normal 8.851555e-01 -4.317192e-01 1.735465e-01
    outer loop
      vertex 5.297686e-03 -2.816829e-03 2.000000e-02
      vertex 5.481273e-03 -2.440420e-03 2.000000e-02
      vertex 1.765895e-03 -9.389431e-04 4.268500e-02
    endloop
  endfacet
  facet normal 8.851555e-01 -4.317192e-01 1.735465e-01
    outer loop
      vertex 5.481273e-03 -2.440420e-03 2.000000e-02
      vertex 1.827091e-03 -8.134733e-04 4.268500e-02
      vertex 1.765895e-03 -9.389431e-04 4.268500e-02
    endloop
  endfacet
  facet normal 9.131145e-01 -3.689222e-01 1.735465e-01
    outer loop
      vertex 5.481273e-03 -2.440420e-03 2.000000e-02
      vertex 5.638156e-03 -2.052121e-03 2.000000e-02
      vertex 1.827091e-03 -8.134733e-04 4.268500e-02
    endloop
  endfacet
  facet normal 9.131145e-01 -3.689222e-01 1.735465e-01
    outer loop
      vertex 5.638156e-03 -2.052121e-03 2.000000e-02
      vertex 1.879385e-03 -6.840403e-04 4.268500e-02
      vertex 1.827091e-03 -8.134733e-04 4.268500e-02
    endloop
  endfacet
  facet normal 9.366249e-01 -3.043279e-01 1.735465e-01
    outer loop
      vertex 5.638156e-03 -2.052121e-03 2.000000e-02
      vertex 5.767570e-03 -1.653824e-03 2.000000e-02
      vertex 1.879385e-03 -6.840403e-04 4.268500e-02
    endloop
  endfacet
  facet normal 9.366249e-01 -3.043279e-01 1.735465e-01
    outer loop
      vertex 5.767570e-03 -1.653824e-03 2.000000e-02
      vertex 1.922523e-03 -5.512747e-04 4.268500e-02
      vertex 1.879385e-03 -6.840403e-04 4.268500e-02
    endloop
  endfacet
  facet normal 9.555721e-01 -2.382509e-01 1.735465e-01
    outer loop
      vertex 5.767570e-03 -1.653824e-03 2.000000e-02
      vertex 5.868886e-03 -1.247470e-03 2.000000e-02
      vertex 1.922523e-03 -5.512747e-04 4.268500e-02
    endloop
  endfacet
  facet normal 9.555721e-01 -2.382509e-01 1.735465e-01
    outer loop
      vertex 5.868886e-03 -1.247470e-03 2.000000e-02
      vertex 1.956295e-03 -4.158234e-04 4.268500e-02
      vertex 1.922523e-03 -5.512747e-04 4.268500e-02
    endloop
  endfacet
  facet normal 9.698640e-01 -1.710132e-01 1.735465e-01
    outer loop
      vertex 5.868886e-03 -1.247470e-03 2.000000e-02
      vertex 5.941608e-03 -8.350386e-04 2.000000e-02
      vertex 1.956295e-03 -4.158234e-04 4.268500e-02
    endloop
  endfacet
  facet normal 9.698640e-01 -1.710132e-01 1.735465e-01
    outer loop
      vertex 5.941608e-03 -8.350386e-04 2.000000e-02
      vertex 1.980536e-03 -2.783462e-04 4.268500e-02
      vertex 1.956295e-03 -4.158234e-04 4.268500e-02
    endloop
  endfacet
  facet normal 9.794307e-01 -1.029423e-01 1.735465e-01
    outer loop
      vertex 5.941608e-03 -8.350386e-04 2.000000e-02
      vertex 5.985384e-03 -4.185388e-04 2.000000e-02
      vertex 1.980536e-03 -2.783462e-04 4.268500e-02
    endloop
  endfacet
  facet normal 9.794307e-01 -1.029423e-01 1.735465e-01
    outer loop
      vertex 5.985384e-03 -4.185388e-04 2.000000e-02
      vertex 1.995128e-03 -1.395129e-04 4.268500e-02
      vertex 1.980536e-03 -2.783462e-04 4.268500e-02
    endloop
  endfacet
  facet normal 9.842257e-01 -3.436992e-02 1.735465e-01
    outer loop
      vertex 5.985384e-03 -4.185388e-04 2.000000e-02
      vertex 6.000000e-03 -1.469576e-18 2.000000e-02
      vertex 1.995128e-03 -1.395129e-04 4.268500e-02
    endloop
  endfacet
  facet normal 9.842257e-01 -3.436992e-02 1.735465e-01
    outer loop
      vertex 6.000000e-03 -1.469576e-18 2.000000e-02
      vertex 2.000000e-03 -4.898587e-19 4.268500e-02
      vertex 1.995128e-03 -1.395129e-04 4.268500e-02
    endloop
  endfacet
  facet normal 9.993908e-01 3.489950e-02 -0.000000e+00
    outer loop
      vertex 2.000000e-03 0.000000e+00 4.268500e-02
      vertex 1.995128e-03 1.395129e-04 4.268500e-02
      vertex 2.000000e-03 0.000000e+00 8.268500e-02
    endloop
  endfacet
  facet normal 9.993908e-01 3.489950e-02 -0.000000e+00
    outer loop
      vertex 1.995128e-03 1.395129e-04 4.268500e-02
      vertex 1.995128e-03 1.395129e-04 8.268500e-02
      vertex 2.000000e-03 0.000000e+00 8.268500e-02
    endloop
  endfacet
  facet normal 9.945219e-01 1.045285e-01 -0.000000e+00
    outer loop
      vertex 1.995128e-03 1.395129e-04 4.268500e-02
      vertex 1.980536e-03 2.783462e-04 4.268500e-02
      vertex 1.995128e-03 1.395129e-04 8.268500e-02
    endloop
  endfacet
  facet normal 9.945219e-01 1.045285e-01 -0.000000e+00
    outer loop
      vertex 1.980536e-03 2.783462e-04 4.268500e-02
      vertex 1.980536e-03 2.783462e-04 8.268500e-02
      vertex 1.995128e-03 1.395129e-04 8.268500e-02
    endloop
  endfacet
  facet normal 9.848078e-01 1.736482e-01 -0.000000e+00
    outer loop
      vertex 1.980536e-03 2.783462e-04 4.268500e-02
      vertex 1.956295e-03 4.158234e-04 4.268500e-02
      vertex 1.980536e-03 2.783462e-04 8.268500e-02
    endloop
  endfacet
  facet normal 9.848078e-01 1.736482e-01 -0.000000e+00
    outer loop
      vertex 1.956295e-03 4.158234e-04 4.268500e-02
      vertex 1.956295e-03 4.158234e-04 8.268500e-02
      vertex 1.980536e-03 2.783462e-04 8.268500e-02
    endloop
  endfacet
  facet normal 9.702957e-01 2.419219e-01 -0.000000e+00
    outer loop
      vertex 1.956295e-03 4.158234e-04 4.268500e-02
      vertex 1.922523e-03 5.512747e-04 4.268500e-02
      vertex 1.956295e-03 4.158234e-04 8.268500e-02
    endloop
  endfacet
  facet normal 9.702957e-01 2.419219e-01 -0.000000e+00
    outer loop
      vertex 1.922523e-03 5.512747e-04 4.268500e-02
      vertex 1.922523e-03 5.512747e-04 8.268500e-02
      vertex 1.956295e-03 4.158234e-04 8.268500e-02
    endloop
  endfacet
  facet normal 9.510565e-01 3.090170e-01 -0.000000e+00
    outer loop
      vertex 1.922523e-03 5.512747e-04 4.268500e-02
      vertex 1.879385e-03 6.840403e-04 4.268500e-02
      vertex 1.922523e-03 5.512747e-04 8.268500e-02
    endloop
  endfacet
  facet normal 9.510565e-01 3.090170e-01 -0.000000e+00
    outer loop
      vertex 1.879385e-03 6.840403e-04 4.268500e-02
      vertex 1.879385e-03 6.840403e-04 8.268500e-02
      vertex 1.922523e-03 5.512747e-04 8.268500e-02
    endloop
  endfacet
  facet normal 9.271839e-01 3.746066e-01 -0.000000e+00
    outer loop
      vertex 1.879385e-03 6.840403e-04 4.268500e-02
      vertex 1.827091e-03 8.134733e-04 4.268500e-02
      vertex 1.879385e-03 6.840403e-04 8.268500e-02
    endloop
  endfacet
  facet normal 9.271839e-01 3.746066e-01 -0.000000e+00
    outer loop
      vertex 1.827091e-03 8.134733e-04 4.268500e-02
      vertex 1.827091e-03 8.134733e-04 8.268500e-02
      vertex 1.879385e-03 6.840403e-04 8.268500e-02
    endloop
  endfacet
  facet normal 8.987940e-01 4.383711e-01 -0.000000e+00
    outer loop
      vertex 1.827091e-03 8.134733e-04 4.268500e-02
      vertex 1.765895e-03 9.389431e-04 4.268500e-02
      vertex 1.827091e-03 8.134733e-04 8.268500e-02
    endloop
  endfacet
  facet normal 8.987940e-01 4.383711e-01 -0.000000e+00
    outer loop
      vertex 1.765895e-03 9.389431e-04 4.268500e-02
      vertex 1.765895e-03 9.389431e-04 8.268500e-02
      vertex 1.827091e-03 8.134733e-04 8.268500e-02
    endloop
  endfacet
  facet normal 8.660254e-01 5.000000e-01 -0.000000e+00
    outer loop
      vertex 1.765895e-03 9.389431e-04 4.268500e-02
      vertex 1.696096e-03 1.059839e-03 4.268500e-02
      vertex 1.765895e-03 9.389431e-04 8.268500e-02
    endloop
  endfacet
  facet normal 8.660254e-01 5.000000e-01 -0.000000e+00
    outer loop
      vertex 1.696096e-03 1.059839e-03 4.268500e-02
      vertex 1.696096e-03 1.059839e-03 8.268500e-02
      vertex 1.765895e-03 9.389431e-04 8.268500e-02
    endloop
  endfacet
  facet normal 8.290376e-01 5.591929e-01 -0.000000e+00
    outer loop
      vertex 1.696096e-03 1.059839e-03 4.268500e-02
      vertex 1.618034e-03 1.175571e-03 4.268500e-02
      vertex 1.696096e-03 1.059839e-03 8.268500e-02
    endloop
  endfacet
  facet normal 8.290376e-01 5.591929e-01 -0.000000e+00
    outer loop
      vertex 1.618034e-03 1.175571e-03 4.268500e-02
      vertex 1.618034e-03 1.175571e-03 8.268500e-02
      vertex 1.696096e-03 1.059839e-03 8.268500e-02
    endloop
  endfacet
  facet normal 7.880108e-01 6.156615e-01 -0.000000e+00
    outer loop
      vertex 1.618034e-03 1.175571e-03 4.268500e-02
      vertex 1.532089e-03 1.285575e-03 4.268500e-02
      vertex 1.618034e-03 1.175571e-03 8.268500e-02
    endloop
  endfacet
  facet normal 7.880108e-01 6.156615e-01 -0.000000e+00
    outer loop
      vertex 1.532089e-03 1.285575e-03 4.268500e-02
      vertex 1.532089e-03 1.285575e-03 8.268500e-02
      vertex 1.618034e-03 1.175571e-03 8.268500e-02
    endloop
  endfacet
  facet normal 7.431448e-01 6.691306e-01 -0.000000e+00
    outer loop
      vertex 1.532089e-03 1.285575e-03 4.268500e-02
      vertex 1.438680e-03 1.389317e-03 4.268500e-02
      vertex 1.532089e-03 1.285575e-03 8.268500e-02
    endloop
  endfacet
  facet normal 7.431448e-01 6.691306e-01 -0.000000e+00
    outer loop
      vertex 1.438680e-03 1.389317e-03 4.268500e-02
      vertex 1.438680e-03 1.389317e-03 8.268500e-02
      vertex 1.532089e-03 1.285575e-03 8.268500e-02
    endloop
  endfacet
  facet normal 6.946584e-01 7.193398e-01 -0.000000e+00
    outer loop
      vertex 1.438680e-03 1.389317e-03 4.268500e-02
      vertex 1.338261e-03 1.486290e-03 4.268500e-02
      vertex 1.438680e-03 1.389317e-03 8.268500e-02
    endloop
  endfacet
  facet normal 6.946584e-01 7.193398e-01 -0.000000e+00
    outer loop
      vertex 1.338261e-03 1.486290e-03 4.268500e-02
      vertex 1.338261e-03 1.486290e-03 8.268500e-02
      vertex 1.438680e-03 1.389317e-03 8.268500e-02
    endloop
  endfacet
  facet normal 6.427876e-01 7.660444e-01 -0.000000e+00
    outer loop
      vertex 1.338261e-03 1.486290e-03 4.268500e-02
      vertex 1.231323e-03 1.576022e-03 4.268500e-02
      vertex 1.338261e-03 1.486290e-03 8.268500e-02
    endloop
  endfacet
  facet normal 6.427876e-01 7.660444e-01 -0.000000e+00
    outer loop
      vertex 1.231323e-03 1.576022e-03 4.268500e-02
      vertex 1.231323e-03 1.576022e-03 8.268500e-02
      vertex 1.338261e-03 1.486290e-03 8.268500e-02
    endloop
  endfacet
  facet normal 5.877853e-01 8.090170e-01 -0.000000e+00
    outer loop
      vertex 1.231323e-03 1.576022e-03 4.268500e-02
      vertex 1.118386e-03 1.658075e-03 4.268500e-02
      vertex 1.231323e-03 1.576022e-03 8.268500e-02
    endloop
  endfacet
  facet normal 5.877853e-01 8.090170e-01 -0.000000e+00
    outer loop
      vertex 1.118386e-03 1.658075e-03 4.268500e-02
      vertex 1.118386e-03 1.658075e-03 8.268500e-02
      vertex 1.231323e-03 1.576022e-03 8.268500e-02
    endloop
  endfacet
  facet normal 5.299193e-01 8.480481e-01 -0.000000e+00
    outer loop
      vertex 1.118386e-03 1.658075e-03 4.268500e-02
      vertex 1.000000e-03 1.732051e-03 4.268500e-02
      vertex 1.118386e-03 1.658075e-03 8.268500e-02
    endloop
  endfacet
  facet normal 5.299193e-01 8.480481e-01 -0.000000e+00
    outer loop
      vertex 1.000000e-03 1.732051e-03 4.268500e-02
      vertex 1.000000e-03 1.732051e-03 8.268500e-02
      vertex 1.118386e-03 1.658075e-03 8.268500e-02
    endloop
  endfacet
  facet normal 4.694716e-01 8.829476e-01 -0.000000e+00
    outer loop
      vertex 1.000000e-03 1.732051e-03 4.268500e-02
      vertex 8.767423e-04 1.797588e-03 4.268500e-02
      vertex 1.000000e-03 1.732051e-03 8.268500e-02
    endloop
  endfacet
  facet normal 4.694716e-01 8.829476e-01 -0.000000e+00
    outer loop
      vertex 8.767423e-04 1.797588e-03 4.268500e-02
      vertex 8.767423e-04 1.797588e-03 8.268500e-02
      vertex 1.000000e-03 1.732051e-03 8.268500e-02
    endloop
  endfacet
  facet normal 4.067366e-01 9.135455e-01 -0.000000e+00
    outer loop
      vertex 8.767423e-04 1.797588e-03 4.268500e-02
      vertex 7.492132e-04 1.854368e-03 4.268500e-02
      vertex 8.767423e-04 1.797588e-03 8.268500e-02
    endloop
  endfacet
  facet normal 4.067366e-01 9.135455e-01 -0.000000e+00
    outer loop
      vertex 7.492132e-04 1.854368e-03 4.268500e-02
      vertex 7.492132e-04 1.854368e-03 8.268500e-02
      vertex 8.767423e-04 1.797588e-03 8.268500e-02
    endloop
  endfacet
  facet normal 3.420201e-01 9.396926e-01 -0.000000e+00
    outer loop
      vertex 7.492132e-04 1.854368e-03 4.268500e-02
      vertex 6.180340e-04 1.902113e-03 4.268500e-02
      vertex 7.492132e-04 1.854368e-03 8.268500e-02
    endloop
  endfacet
  facet normal 3.420201e-01 9.396926e-01 -0.000000e+00
    outer loop
      vertex 6.180340e-04 1.902113e-03 4.268500e-02
      vertex 6.180340e-04 1.902113e-03 8.268500e-02
      vertex 7.492132e-04 1.854368e-03 8.268500e-02
    endloop
  endfacet
  facet normal 2.756374e-01 9.612617e-01 -0.000000e+00
    outer loop
      vertex 6.180340e-04 1.902113e-03 4.268500e-02
      vertex 4.838438e-04 1.940591e-03 4.268500e-02
      vertex 6.180340e-04 1.902113e-03 8.268500e-02
    endloop
  endfacet
  facet normal 2.756374e-01 9.612617e-01 -0.000000e+00
    outer loop
      vertex 4.838438e-04 1.940591e-03 4.268500e-02
      vertex 4.838438e-04 1.940591e-03 8.268500e-02
      vertex 6.180340e-04 1.902113e-03 8.268500e-02
    endloop
  endfacet
  facet normal 2.079117e-01 9.781476e-01 -0.000000e+00
    outer loop
      vertex 4.838438e-04 1.940591e-03 4.268500e-02
      vertex 3.472964e-04 1.969616e-03 4.268500e-02
      vertex 4.838438e-04 1.940591e-03 8.268500e-02
    endloop
  endfacet
  facet normal 2.079117e-01 9.781476e-01 -0.000000e+00
    outer loop
      vertex 3.472964e-04 1.969616e-03 4.268500e-02
      vertex 3.472964e-04 1.969616e-03 8.268500e-02
      vertex 4.838438e-04 1.940591e-03 8.268500e-02
    endloop
  endfacet
  facet normal 1.391731e-01 9.902681e-01 -0.000000e+00
    outer loop
      vertex 3.472964e-04 1.969616e-03 4.268500e-02
      vertex 2.090569e-04 1.989044e-03 4.268500e-02
      vertex 3.472964e-04 1.969616e-03 8.268500e-02
    endloop
  endfacet
  facet normal 1.391731e-01 9.902681e-01 -0.000000e+00
    outer loop
      vertex 2.090569e-04 1.989044e-03 4.268500e-02
      vertex 2.090569e-04 1.989044e-03 8.268500e-02
      vertex 3.472964e-04 1.969616e-03 8.268500e-02
    endloop
  endfacet
  facet normal 6.975647e-02 9.975641e-01 -0.000000e+00
    outer loop
      vertex 2.090569e-04 1.989044e-03 4.268500e-02
      vertex 6.979899e-05 1.998782e-03 4.268500e-02
      vertex 2.090569e-04 1.989044e-03 8.268500e-02
    endloop
  endfacet
  facet normal 6.975647e-02 9.975641e-01 -0.000000e+00
    outer loop
      vertex 6.979899e-05 1.998782e-03 4.268500e-02
      vertex 6.979899e-05 1.998782e-03 8.268500e-02
      vertex 2.090569e-04 1.989044e-03 8.268500e-02
    endloop
  endfacet
  facet normal 0.000000e+00 1.000000e+00 -0.000000e+00
    outer loop
      vertex 6.979899e-05 1.998782e-03 4.268500e-02
      vertex -6.979899e-05 1.998782e-03 4.268500e-02
      vertex 6.979899e-05 1.998782e-03 8.268500e-02
    endloop
  endfacet
  facet normal 0.000000e+00 1.000000e+00 0.000000e+00
    outer loop
      vertex -6.979899e-05 1.998782e-03 4.268500e-02
      vertex -6.979899e-05 1.998782e-03 8.268500e-02
      vertex 6.979899e-05 1.998782e-03 8.268500e-02
    endloop
  endfacet
  facet normal -6.975647e-02 9.975641e-01 0.000000e+00
    outer loop
      vertex -6.979899e-05 1.998782e-03 4.268500e-02
      vertex -2.090569e-04 1.989044e-03 4.268500e-02
      vertex -6.979899e-05 1.998782e-03 8.268500e-02
    endloop
  endfacet
  facet normal -6.975647e-02 9.975641e-01 0.000000e+00
    outer loop
      vertex -2.090569e-04 1.989044e-03 4.268500e-02
      vertex -2.090569e-04 1.989044e-03 8.268500e-02
      vertex -6.979899e-05 1.998782e-03 8.268500e-02
    endloop
  endfacet
  facet normal -1.391731e-01 9.902681e-01 0.000000e+00
    outer loop
      vertex -2.090569e-04 1.989044e-03 4.268500e-02
      vertex -3.472964e-04 1.969616e-03 4.268500e-02
      vertex -2.090569e-04 1.989044e-03 8.268500e-02
    endloop
  endfacet
  facet normal -1.391731e-01 9.902681e-01 0.000000e+00
    outer loop
      vertex -3.472964e-04 1.969616e-03 4.268500e-02
      vertex -3.472964e-04 1.969616e-03 8.268500e-02
      vertex -2.090569e-04 1.989044e-03 8.268500e-02
    endloop
  endfacet
  facet normal -2.079117e-01 9.781476e-01 0.000000e+00
    outer loop
      vertex -3.472964e-04 1.969616e-03 4.268500e-02
      vertex -4.838438e-04 1.940591e-03 4.268500e-02
      vertex -3.472964e-04 1.969616e-03 8.268500e-02
    endloop
  endfacet
  facet normal -2.079117e-01 9.781476e-01 0.000000e+00
    outer loop
      vertex -4.838438e-04 1.940591e-03 4.268500e-02
      vertex -4.838438e-04 1.940591e-03 8.268500e-02
      vertex -3.472964e-04 1.969616e-03 8.268500e-02
    endloop
  endfacet
  facet normal -2.756374e-01 9.612617e-01 0.000000e+00
    outer loop
      vertex -4.838438e-04 1.940591e-03 4.268500e-02
      vertex -6.180340e-04 1.902113e-03 4.268500e-02
      vertex -4.838438e-04 1.940591e-03 8.268500e-02
    endloop
  endfacet
  facet normal -2.756374e-01 9.612617e-01 0.000000e+00
    outer loop
      vertex -6.180340e-04 1.902113e-03 4.268500e-02
      vertex -6.180340e-04 1.902113e-03 8.268500e-02
      vertex -4.838438e-04 1.940591e-03 8.268500e-02
    endloop
  endfacet
  facet normal -3.420201e-01 9.396926e-01 0.000000e+00
    outer loop
      vertex -6.180340e-04 1.902113e-03 4.268500e-02
      vertex -7.492132e-04 1.854368e-03 4.268500e-02
      vertex -6.180340e-04 1.902113e-03 8.268500e-02
    endloop
  endfacet
  facet normal -3.420201e-01 9.396926e-01 0.000000e+00
    outer loop
      vertex -7.492132e-04 1.854368e-03 4.268500e-02
      vertex -7.492132e-04 1.854368e-03 8.268500e-02
      vertex -6.180340e-04 1.902113e-03 8.268500e-02
    endloop
  endfacet
  facet normal -4.067366e-01 9.135455e-01 0.000000e+00
    outer loop
      vertex -7.492132e-04 1.854368e-03 4.268500e-02
      vertex -8.767423e-04 1.797588e-03 4.268500e-02
      vertex -7.492132e-04 1.854368e-03 8.268500e-02
    endloop
  endfacet
  facet normal -4.067366e-01 9.135455e-01 0.000000e+00
    outer loop
      vertex -8.767423e-04 1.797588e-03 4.268500e-02
      vertex -8.767423e-04 1.797588e-03 8.268500e-02
      vertex -7.492132e-04 1.854368e-03 8.268500e-02
    endloop
  endfacet
  facet normal -4.694716e-01 8.829476e-01 0.000000e+00
    outer loop
      vertex -8.767423e-04 1.797588e-03 4.268500e-02
      vertex -1.000000e-03 1.732051e-03 4.268500e-02
      vertex -8.767423e-04 1.797588e-03 8.268500e-02
    endloop
  endfacet
  facet normal -4.694716e-01 8.829476e-01 0.000000e+00
    outer loop
      vertex -1.000000e-03 1.732051e-03 4.268500e-02
      vertex -1.000000e-03 1.732051e-03 8.268500e-02
      vertex -8.767423e-04 1.797588e-03 8.268500e-02
    endloop
  endfacet
  facet normal -5.299193e-01 8.480481e-01 0.000000e+00
    outer loop
      vertex -1.000000e-03 1.732051e-03 4.268500e-02
      vertex -1.118386e-03 1.658075e-03 4.268500e-02
      vertex -1.000000e-03 1.732051e-03 8.268500e-02
    endloop
  endfacet
  facet normal -5.299193e-01 8.480481e-01 0.000000e+00
    outer loop
      vertex -1.118386e-03 1.658075e-03 4.268500e-02
      vertex -1.118386e-03 1.658075e-03 8.268500e-02
      vertex -1.000000e-03 1.732051e-03 8.268500e-02
    endloop
  endfacet
  facet normal -5.877853e-01 8.090170e-01 0.000000e+00
    outer loop
      vertex -1.118386e-03 1.658075e-03 4.268500e-02
      vertex -1.231323e-03 1.576022e-03 4.268500e-02
      vertex -1.118386e-03 1.658075e-03 8.268500e-02
    endloop
  endfacet
  facet normal -5.877853e-01 8.090170e-01 0.000000e+00
    outer loop
      vertex -1.231323e-03 1.576022e-03 4.268500e-02
      vertex -1.231323e-03 1.576022e-03 8.268500e-02
      vertex -1.118386e-03 1.658075e-03 8.268500e-02
    endloop
  endfacet
  facet normal -6.427876e-01 7.660444e-01 0.000000e+00
    outer loop
      vertex -1.231323e-03 1.576022e-03 4.268500e-02
      vertex -1.338261e-03 1.486290e-03 4.268500e-02
      vertex -1.231323e-03 1.576022e-03 8.268500e-02
    endloop
  endfacet
  facet normal -6.427876e-01 7.660444e-01 0.000000e+00
    outer loop
      vertex -1.338261e-03 1.486290e-03 4.268500e-02
      vertex -1.338261e-03 1.486290e-03 8.268500e-02
      vertex -1.231323e-03 1.576022e-03 8.268500e-02
    endloop
  endfacet
  facet normal -6.946584e-01 7.193398e-01 0.000000e+00
    outer loop
      vertex -1.338261e-03 1.486290e-03 4.268500e-02
      vertex -1.438680e-03 1.389317e-03 4.268500e-02
      vertex -1.338261e-03 1.486290e-03 8.268500e-02
    endloop
  endfacet
  facet normal -6.946584e-01 7.193398e-01 0.000000e+00
    outer loop
      vertex -1.438680e-03 1.389317e-03 4.268500e-02
      vertex -1.438680e-03 1.389317e-03 8.268500e-02
      vertex -1.338261e-03 1.486290e-03 8.268500e-02
    endloop
  endfacet
  facet normal -7.431448e-01 6.691306e-01 0.000000e+00
    outer loop
      vertex -1.438680e-03 1.389317e-03 4.268500e-02
      vertex -1.532089e-03 1.285575e-03 4.268500e-02
      vertex -1.438680e-03 1.389317e-03 8.268500e-02
    endloop
  endfacet
  facet normal -7.431448e-01 6.691306e-01 0.000000e+00
    outer loop
      vertex -1.532089e-03 1.285575e-03 4.268500e-02
      vertex -1.532089e-03 1.285575e-03 8.268500e-02
      vertex -1.438680e-03 1.389317e-03 8.268500e-02
    endloop
  endfacet
  facet normal -7.880108e-01 6.156615e-01 0.000000e+00
    outer loop
      vertex -1.532089e-03 1.285575e-03 4.268500e-02
      vertex -1.618034e-03 1.175571e-03 4.268500e-02
      vertex -1.532089e-03 1.285575e-03 8.268500e-02
    endloop
  endfacet
  facet normal -7.880108e-01 6.156615e-01 0.000000e+00
    outer loop
      vertex -1.618034e-03 1.175571e-03 4.268500e-02
      vertex -1.618034e-03 1.175571e-03 8.268500e-02
      vertex -1.532089e-03 1.285575e-03 8.268500e-02
    endloop
  endfacet
  facet normal -8.290376e-01 5.591929e-01 0.000000e+00
    outer loop
      vertex -1.618034e-03 1.175571e-03 4.268500e-02
      vertex -1.696096e-03 1.059839e-03 4.268500e-02
      vertex -1.618034e-03 1.175571e-03 8.268500e-02
    endloop
  endfacet
  facet normal -8.290376e-01 5.591929e-01 0.000000e+00
    outer loop
      vertex -1.696096e-03 1.059839e-03 4.268500e-02
      vertex -1.696096e-03 1.059839e-03 8.268500e-02
      vertex -1.618034e-03 1.175571e-03 8.268500e-02
    endloop
  endfacet
  facet normal -8.660254e-01 5.000000e-01 0.000000e+00
    outer loop
      vertex -1.696096e-03 1.059839e-03 4.268500e-02
      vertex -1.765895e-03 9.389431e-04 4.268500e-02
      vertex -1.696096e-03 1.059839e-03 8.268500e-02
    endloop
  endfacet
  facet normal -8.660254e-01 5.000000e-01 0.000000e+00
    outer loop
      vertex -1.765895e-03 9.389431e-04 4.268500e-02
      vertex -1.765895e-03 9.389431e-04 8.268500e-02
      vertex -1.696096e-03 1.059839e-03 8.268500e-02
    endloop
  endfacet
  facet normal -8.987940e-01 4.383711e-01 0.000000e+00
    outer loop
      vertex -1.765895e-03 9.389431e-04 4.268500e-02
      vertex -1.827091e-03 8.134733e-04 4.268500e-02
      vertex -1.765895e-03 9.389431e-04 8.268500e-02
    endloop
  endfacet
  facet normal -8.987940e-01 4.383711e-01 0.000000e+00
    outer loop
      vertex -1.827091e-03 8.134733e-04 4.268500e-02
      vertex -1.827091e-03 8.134733e-04 8.268500e-02
      vertex -1.765895e-03 9.389431e-04 8.268500e-02
    endloop
  endfacet
  facet normal -9.271839e-01 3.746066e-01 0.000000e+00
    outer loop
      vertex -1.827091e-03 8.134733e-04 4.268500e-02
      vertex -1.879385e-03 6.840403e-04 4.268500e-02
      vertex -1.827091e-03 8.134733e-04 8.268500e-02
    endloop
  endfacet
  facet normal -9.271839e-01 3.746066e-01 0.000000e+00
    outer loop
      vertex -1.879385e-03 6.840403e-04 4.268500e-02
      vertex -1.879385e-03 6.840403e-04 8.268500e-02
      vertex -1.827091e-03 8.134733e-04 8.268500e-02
    endloop
  endfacet
  facet normal -9.510565e-01 3.090170e-01 0.000000e+00
    outer loop
      vertex -1.879385e-03 6.840403e-04 4.268500e-02
      vertex -1.922523e-03 5.512747e-04 4.268500e-02
      vertex -1.879385e-03 6.840403e-04 8.268500e-02
    endloop
  endfacet
  facet normal -9.510565e-01 3.090170e-01 0.000000e+00
    outer loop
      vertex -1.922523e-03 5.512747e-04 4.268500e-02
      vertex -1.922523e-03 5.512747e-04 8.268500e-02
      vertex -1.879385e-03 6.840403e-04 8.268500e-02
    endloop
  endfacet
  facet normal -9.702957e-01 2.419219e-01 0.000000e+00
    outer loop
      vertex -1.922523e-03 5.512747e-04 4.268500e-02
      vertex -1.956295e-03 4.158234e-04 4.268500e-02
      vertex -1.922523e-03 5.512747e-04 8.268500e-02
    endloop
  endfacet
  facet normal -9.702957e-01 2.419219e-01 0.000000e+00
    outer loop
      vertex -1.956295e-03 4.158234e-04 4.268500e-02
      vertex -1.956295e-03 4.158234e-04 8.268500e-02
      vertex -1.922523e-03 5.512747e-04 8.268500e-02
    endloop
  endfacet
  facet normal -9.848078e-01 1.736482e-01 0.000000e+00
    outer loop
      vertex -1.956295e-03 4.158234e-04 4.268500e-02
      vertex -1.980536e-03 2.783462e-04 4.268500e-02
      vertex -1.956295e-03 4.158234e-04 8.268500e-02
    endloop
  endfacet
  facet normal -9.848078e-01 1.736482e-01 0.000000e+00
    outer loop
      vertex -1.980536e-03 2.783462e-04 4.268500e-02
      vertex -1.980536e-03 2.783462e-04 8.268500e-02
      vertex -1.956295e-03 4.158234e-04 8.268500e-02
    endloop
  endfacet
  facet normal -9.945219e-01 1.045285e-01 0.000000e+00
    outer loop
      vertex -1.980536e-03 2.783462e-04 4.268500e-02
      vertex -1.995128e-03 1.395129e-04 4.268500e-02
      vertex -1.980536e-03 2.783462e-04 8.268500e-02
    endloop
  endfacet
  facet normal -9.945219e-01 1.045285e-01 0.000000e+00
    outer loop
      vertex -1.995128e-03 1.395129e-04 4.268500e-02
      vertex -1.995128e-03 1.395129e-04 8.268500e-02
      vertex -1.980536e-03 2.783462e-04 8.268500e-02
    endloop
  endfacet
  facet normal -9.993908e-01 3.489950e-02 0.000000e+00
    outer loop
      vertex -1.995128e-03 1.395129e-04 4.268500e-02
      vertex -2.000000e-03 2.449294e-19 4.268500e-02
      vertex -1.995128e-03 1.395129e-04 8.268500e-02
    endloop
  endfacet
  facet normal -9.993908e-01 3.489950e-02 0.000000e+00
    outer loop
      vertex -2.000000e-03 2.449294e-19 4.268500e-02
      vertex -2.000000e-03 2.449294e-19 8.268500e-02
      vertex -1.995128e-03 1.395129e-04 8.268500e-02
    endloop
  endfacet
  facet normal -9.993908e-01 -3.489950e-02 0.000000e+00
    outer loop
      vertex -2.000000e-03 2.449294e-19 4.268500e-02
      vertex -1.995128e-03 -1.395129e-04 4.268500e-02
      vertex -2.000000e-03 2.449294e-19 8.268500e-02
    endloop
  endfacet
  facet normal -9.993908e-01 -3.489950e-02 0.000000e+00
    outer loop
      vertex -1.995128e-03 -1.395129e-04 4.268500e-02
      vertex -1.995128e-03 -1.395129e-04 8.268500e-02
      vertex -2.000000e-03 2.449294e-19 8.268500e-02
    endloop
  endfacet
  facet normal -9.945219e-01 -1.045285e-01 0.000000e+00
    outer loop
      vertex -1.995128e-03 -1.395129e-04 4.268500e-02
      vertex -1.980536e-03 -2.783462e-04 4.268500e-02
      vertex -1.995128e-03 -1.395129e-04 8.268500e-02
    endloop
  endfacet
  facet normal -9.945219e-01 -1.045285e-01 0.000000e+00
    outer loop
      vertex -1.980536e-03 -2.783462e-04 4.268500e-02
      vertex -1.980536e-03 -2.783462e-04 8.268500e-02
      vertex -1.995128e-03 -1.395129e-04 8.268500e-02
    endloop
  endfacet
  facet normal -9.848078e-01 -1.736482e-01 0.000000e+00
    outer loop
      vertex -1.980536e-03 -2.783462e-04 4.268500e-02
      vertex -1.956295e-03 -4.158234e-04 4.268500e-02
      vertex -1.980536e-03 -2.783462e-04 8.268500e-02
    endloop
  endfacet
  facet normal -9.848078e-01 -1.736482e-01 0.000000e+00
    outer loop
      vertex -1.956295e-03 -4.158234e-04 4.268500e-02
      vertex -1.956295e-03 -4.158234e-04 8.268500e-02
      vertex -1.980536e-03 -2.783462e-04 8.268500e-02
    endloop
  endfacet
  facet normal -9.702957e-01 -2.419219e-01 0.000000e+00
    outer loop
      vertex -1.956295e-03 -4.158234e-04 4.268500e-02
      vertex -1.922523e-03 -5.512747e-04 4.268500e-02
      vertex -1.956295e-03 -4.158234e-04 8.268500e-02
    endloop
  endfacet
  facet normal -9.702957e-01 -2.419219e-01 0.000000e+00
    outer loop
      vertex -1.922523e-03 -5.512747e-04 4.268500e-02
      vertex -1.922523e-03 -5.512747e-04 8.268500e-02
      vertex -1.956295e-03 -4.158234e-04 8.268500e-02
    endloop
  endfacet
  facet normal -9.510565e-01 -3.090170e-01 0.000000e+00
    outer loop
      vertex -1.922523e-03 -5.512747e-04 4.268500e-02
      vertex -1.879385e-03 -6.840403e-04 4.268500e-02
      vertex -1.922523e-03 -5.512747e-04 8.268500e-02
    endloop
  endfacet
  facet normal -9.510565e-01 -3.090170e-01 0.000000e+00
    outer loop
      vertex -1.879385e-03 -6.840403e-04 4.268500e-02
      vertex -1.879385e-03 -6.840403e-04 8.268500e-02
      vertex -1.922523e-03 -5.512747e-04 8.268500e-02
    endloop
  endfacet
  facet normal -9.271839e-01 -3.746066e-01 0.000000e+00
    outer loop
      vertex -1.879385e-03 -6.840403e-04 4.268500e-02
      vertex -1.827091e-03 -8.134733e-04 4.268500e-02
      vertex -1.879385e-03 -6.840403e-04 8.268500e-02
    endloop
  endfacet
  facet normal -9.271839e-01 -3.746066e-01 0.000000e+00
    outer loop
      vertex -1.827091e-03 -8.134733e-04 4.268500e-02
      vertex -1.827091e-03 -8.134733e-04 8.268500e-02
      vertex -1.879385e-03 -6.840403e-04 8.268500e-02
    endloop
  endfacet
  facet normal -8.987940e-01 -4.383711e-01 0.000000e+00
    outer loop
      vertex -1.827091e-03 -8.134733e-04 4.268500e-02
      vertex -1.765895e-03 -9.389431e-04 4.268500e-02
      vertex -1.827091e-03 -8.134733e-04 8.268500e-02
    endloop
  endfacet
  facet normal -8.987940e-01 -4.383711e-01 0.000000e+00
    outer loop
      vertex -1.765895e-03 -9.389431e-04 4.268500e-02
      vertex -1.765895e-03 -9.389431e-04 8.268500e-02
      vertex -1.827091e-03 -8.134733e-04 8.268500e-02
    endloop
  endfacet
  facet normal -8.660254e-01 -5.000000e-01 0.000000e+00
    outer loop
      vertex -1.765895e-03 -9.389431e-04 4.268500e-02
      vertex -1.696096e-03 -1.059839e-03 4.268500e-02
      vertex -1.765895e-03 -9.389431e-04 8.268500e-02
    endloop
  endfacet
  facet normal -8.660254e-01 -5.000000e-01 0.000000e+00
    outer loop
      vertex -1.696096e-03 -1.059839e-03 4.268500e-02
      vertex -1.696096e-03 -1.059839e-03 8.268500e-02
      vertex -1.765895e-03 -9.389431e-04 8.268500e-02
    endloop
  endfacet
  facet normal -8.290376e-01 -5.591929e-01 0.000000e+00
    outer loop
      vertex -1.696096e-03 -1.059839e-03 4.268500e-02
      vertex -1.618034e-03 -1.175571e-03 4.268500e-02
      vertex -1.696096e-03 -1.059839e-03 8.268500e-02
    endloop
  endfacet
  facet normal -8.290376e-01 -5.591929e-01 0.000000e+00
    outer loop
      vertex -1.618034e-03 -1.175571e-03 4.268500e-02
      vertex -1.618034e-03 -1.175571e-03 8.268500e-02
      vertex -1.696096e-03 -1.059839e-03 8.268500e-02
    endloop
  endfacet
  facet normal -7.880108e-01 -6.156615e-01 0.000000e+00
    outer loop
      vertex -1.618034e-03 -1.175571e-03 4.268500e-02
      vertex -1.532089e-03 -1.285575e-03 4.268500e-02
      vertex -1.618034e-03 -1.175571e-03 8.268500e-02
    endloop
  endfacet
  facet normal -7.880108e-01 -6.156615e-01 0.000000e+00
    outer loop
      vertex -1.532089e-03 -1.285575e-03 4.268500e-02
      vertex -1.532089e-03 -1.285575e-03 8.268500e-02
      vertex -1.618034e-03 -1.175571e-03 8.268500e-02
    endloop
  endfacet
  facet normal -7.431448e-01 -6.691306e-01 0.000000e+00
    outer loop
      vertex -1.532089e-03 -1.285575e-03 4.268500e-02
      vertex -1.438680e-03 -1.389317e-03 4.268500e-02
      vertex -1.532089e-03 -1.285575e-03 8.268500e-02
    endloop
  endfacet
  facet normal -7.431448e-01 -6.691306e-01 0.000000e+00
    outer loop
      vertex -1.438680e-03 -1.389317e-03 4.268500e-02
      vertex -1.438680e-03 -1.389317e-03 8.268500e-02
      vertex -1.532089e-03 -1.285575e-03 8.268500e-02
    endloop
  endfacet
  facet normal -6.946584e-01 -7.193398e-01 0.000000e+00
    outer loop
      vertex -1.438680e-03 -1.389317e-03 4.268500e-02
      vertex -1.338261e-03 -1.486290e-03 4.268500e-02
      vertex -1.438680e-03 -1.389317e-03 8.268500e-02
    endloop
  endfacet
  facet normal -6.946584e-01 -7.193398e-01 0.000000e+00
    outer loop
      vertex -1.338261e-03 -1.486290e-03 4.268500e-02
      vertex -1.338261e-03 -1.486290e-03 8.268500e-02
      vertex -1.438680e-03 -1.389317e-03 8.268500e-02
    endloop
  endfacet
  facet normal -6.427876e-01 -7.660444e-01 0.000000e+00
    outer loop
      vertex -1.338261e-03 -1.486290e-03 4.268500e-02
      vertex -1.231323e-03 -1.576022e-03 4.268500e-02
      vertex -1.338261e-03 -1.486290e-03 8.268500e-02
    endloop
  endfacet
  facet normal -6.427876e-01 -7.660444e-01 0.000000e+00
    outer loop
      vertex -1.231323e-03 -1.576022e-03 4.268500e-02
      vertex -1.231323e-03 -1.576022e-03 8.268500e-02
      vertex -1.338261e-03 -1.486290e-03 8.268500e-02
    endloop
  endfacet
  facet normal -5.877853e-01 -8.090170e-01 0.000000e+00
    outer loop
      vertex -1.231323e-03 -1.576022e-03 4.268500e-02
      vertex -1.118386e-03 -1.658075e-03 4.268500e-02
      vertex -1.231323e-03 -1.576022e-03 8.268500e-02
    endloop
  endfacet
  facet normal -5.877853e-01 -8.090170e-01 0.000000e+00
    outer loop
      vertex -1.118386e-03 -1.658075e-03 4.268500e-02
      vertex -1.118386e-03 -1.658075e-03 8.268500e-02
      vertex -1.231323e-03 -1.576022e-03 8.268500e-02
    endloop
  endfacet
  facet normal -5.299193e-01 -8.480481e-01 0.000000e+00
    outer loop
      vertex -1.118386e-03 -1.658075e-03 4.268500e-02
      vertex -1.000000e-03 -1.732051e-03 4.268500e-02
      vertex -1.118386e-03 -1.658075e-03 8.268500e-02
    endloop
  endfacet
  facet normal -5.299193e-01 -8.480481e-01 0.000000e+00
    outer loop
      vertex -1.000000e-03 -1.732051e-03 4.268500e-02
      vertex -1.000000e-03 -1.732051e-03 8.268500e-02
      vertex -1.118386e-03 -1.658075e-03 8.268500e-02
    endloop
  endfacet
  facet normal -4.694716e-01 -8.829476e-01 0.000000e+00
    outer loop
      vertex -1.000000e-03 -1.732051e-03 4.268500e-02
      vertex -8.767423e-04 -1.797588e-03 4.268500e-02
      vertex -1.000000e-03 -1.732051e-03 8.268500e-02
    endloop
  endfacet
  facet normal -4.694716e-01 -8.829476e-01 0.000000e+00
    outer loop
      vertex -8.767423e-04 -1.797588e-03 4.268500e-02
      vertex -8.767423e-04 -1.797588e-03 8.268500e-02
      vertex -1.000000e-03 -1.732051e-03 8.268500e-02
    endloop
  endfacet
  facet normal -4.067366e-01 -9.135455e-01 0.000000e+00
    outer loop
      vertex -8.767423e-04 -1.797588e-03 4.268500e-02
      vertex -7.492132e-04 -1.854368e-03 4.268500e-02
      vertex -8.767423e-04 -1.797588e-03 8.268500e-02
    endloop
  endfacet
  facet normal -4.067366e-01 -9.135455e-01 0.000000e+00
    outer loop
      vertex -7.492132e-04 -1.854368e-03 4.268500e-02
      vertex -7.492132e-04 -1.854368e-03 8.268500e-02
      vertex -8.767423e-04 -1.797588e-03 8.268500e-02
    endloop
  endfacet
  facet normal -3.420201e-01 -9.396926e-01 0.000000e+00
    outer loop
      vertex -7.492132e-04 -1.854368e-03 4.268500e-02
      vertex -6.180340e-04 -1.902113e-03 4.268500e-02
      vertex -7.492132e-04 -1.854368e-03 8.268500e-02
    endloop
  endfacet
  facet normal -3.420201e-01 -9.396926e-01 0.000000e+00
    outer loop
      vertex -6.180340e-04 -1.902113e-03 4.268500e-02
      vertex -6.180340e-04 -1.902113e-03 8.268500e-02
      vertex -7.492132e-04 -1.854368e-03 8.268500e-02
    endloop
  endfacet
  facet normal -2.756374e-01 -9.612617e-01 0.000000e+00
    outer loop
      vertex -6.180340e-04 -1.902113e-03 4.268500e-02
      vertex -4.838438e-04 -1.940591e-03 4.268500e-02
      vertex -6.180340e-04 -1.902113e-03 8.268500e-02
    endloop
  endfacet
  facet normal -2.756374e-01 -9.612617e-01 0.000000e+00
    outer loop
      vertex -4.838438e-04 -1.940591e-03 4.268500e-02
      vertex -4.838438e-04 -1.940591e-03 8.268500e-02
      vertex -6.180340e-04 -1.902113e-03 8.268500e-02
    endloop
  endfacet
  facet normal -2.079117e-01 -9.781476e-01 0.000000e+00
    outer loop
      vertex -4.838438e-04 -1.940591e-03 4.268500e-02
      vertex -3.472964e-04 -1.969616e-03 4.268500e-02
      vertex -4.838438e-04 -1.940591e-03 8.268500e-02
    endloop
  endfacet
  facet normal -2.079117e-01 -9.781476e-01 0.000000e+00
    outer loop
      vertex -3.472964e-04 -1.969616e-03 4.268500e-02
      vertex -3.472964e-04 -1.969616e-03 8.268500e-02
      vertex -4.838438e-04 -1.940591e-03 8.268500e-02
    endloop
  endfacet
  facet normal -1.391731e-01 -9.902681e-01 0.000000e+00
    outer loop
      vertex -3.472964e-04 -1.969616e-03 4.268500e-02
      vertex -2.090569e-04 -1.989044e-03 4.268500e-02
      vertex -3.472964e-04 -1.969616e-03 8.268500e-02
    endloop
  endfacet
  facet normal -1.391731e-01 -9.902681e-01 0.000000e+00
    outer loop
      vertex -2.090569e-04 -1.989044e-03 4.268500e-02
      vertex -2.090569e-04 -1.989044e-03 8.268500e-02
      vertex -3.472964e-04 -1.969616e-03 8.268500e-02
    endloop
  endfacet
  facet normal -6.975647e-02 -9.975641e-01 0.000000e+00
    outer loop
      vertex -2.090569e-04 -1.989044e-03 4.268500e-02
      vertex -6.979899e-05 -1.998782e-03 4.268500e-02
      vertex -2.090569e-04 -1.989044e-03 8.268500e-02
    endloop
  endfacet
  facet normal -6.975647e-02 -9.975641e-01 0.000000e+00
    outer loop
      vertex -6.979899e-05 -1.998782e-03 4.268500e-02
      vertex -6.979899e-05 -1.998782e-03 8.268500e-02
      vertex -2.090569e-04 -1.989044e-03 8.268500e-02
    endloop
  endfacet
  facet normal 0.000000e+00 -1.000000e+00 0.000000e+00
    outer loop
      vertex -6.979899e-05 -1.998782e-03 4.268500e-02
      vertex 6.979899e-05 -1.998782e-03 4.268500e-02
      vertex -6.979899e-05 -1.998782e-03 8.268500e-02
    endloop
  endfacet
  facet normal 0.000000e+00 -1.000000e+00 0.000000e+00
    outer loop
      vertex 6.979899e-05 -1.998782e-03 4.268500e-02
      vertex 6.979899e-05 -1.998782e-03 8.268500e-02
      vertex -6.979899e-05 -1.998782e-03 8.268500e-02
    endloop
  endfacet
  facet normal 6.975647e-02 -9.975641e-01 0.000000e+00
    outer loop
      vertex 6.979899e-05 -1.998782e-03 4.268500e-02
      vertex 2.090569e-04 -1.989044e-03 4.268500e-02
      vertex 6.979899e-05 -1.998782e-03 8.268500e-02
    endloop
  endfacet
  facet normal 6.975647e-02 -9.975641e-01 0.000000e+00
    outer loop
      vertex 2.090569e-04 -1.989044e-03 4.268500e-02
      vertex 2.090569e-04 -1.989044e-03 8.268500e-02
      vertex 6.979899e-05 -1.998782e-03 8.268500e-02
    endloop
  endfacet
  facet normal 1.391731e-01 -9.902681e-01 0.000000e+00
    outer loop
      vertex 2.090569e-04 -1.989044e-03 4.268500e-02
      vertex 3.472964e-04 -1.969616e-03 4.268500e-02
      vertex 2.090569e-04 -1.989044e-03 8.268500e-02
    endloop
  endfacet
  facet normal 1.391731e-01 -9.902681e-01 0.000000e+00
    outer loop
      vertex 3.472964e-04 -1.969616e-03 4.268500e-02
      vertex 3.472964e-04 -1.969616e-03 8.268500e-02
      vertex 2.090569e-04 -1.989044e-03 8.268500e-02
    endloop
  endfacet
  facet normal 2.079117e-01 -9.781476e-01 0.000000e+00
    outer loop
      vertex 3.472964e-04 -1.969616e-03 4.268500e-02
      vertex 4.838438e-04 -1.940591e-03 4.268500e-02
      vertex 3.472964e-04 -1.969616e-03 8.268500e-02
    endloop
  endfacet
  facet normal 2.079117e-01 -9.781476e-01 0.000000e+00
    outer loop
      vertex 4.838438e-04 -1.940591e-03 4.268500e-02
      vertex 4.838438e-04 -1.940591e-03 8.268500e-02
      vertex 3.472964e-04 -1.969616e-03 8.268500e-02
    endloop
  endfacet
  facet normal 2.756374e-01 -9.612617e-01 0.000000e+00
    outer loop
      vertex 4.838438e-04 -1.940591e-03 4.268500e-02
      vertex 6.180340e-04 -1.902113e-03 4.268500e-02
      vertex 4.838438e-04 -1.940591e-03 8.268500e-02
    endloop
  endfacet
  facet normal 2.756374e-01 -9.612617e-01 0.000000e+00
    outer loop
      vertex 6.180340e-04 -1.902113e-03 4.268500e-02
      vertex 6.180340e-04 -1.902113e-03 8.268500e-02
      vertex 4.838438e-04 -1.940591e-03 8.268500e-02
    endloop
  endfacet
  facet normal 3.420201e-01 -9.396926e-01 0.000000e+00
    outer loop
      vertex 6.180340e-04 -1.902113e-03 4.268500e-02
      vertex 7.492132e-04 -1.854368e-03 4.268500e-02
      vertex 6.180340e-04 -1.902113e-03 8.268500e-02
    endloop
  endfacet
  facet normal 3.420201e-01 -9.396926e-01 0.000000e+00
    outer loop
      vertex 7.492132e-04 -1.854368e-03 4.268500e-02
      vertex 7.492132e-04 -1.854368e-03 8.268500e-02
      vertex 6.180340e-04 -1.902113e-03 8.268500e-02
    endloop
  endfacet
  facet normal 4.067366e-01 -9.135455e-01 0.000000e+00
    outer loop
      vertex 7.492132e-04 -1.854368e-03 4.268500e-02
      vertex 8.767423e-04 -1.797588e-03 4.268500e-02
      vertex 7.492132e-04 -1.854368e-03 8.268500e-02
    endloop
  endfacet
  facet normal 4.067366e-01 -9.135455e-01 0.000000e+00
    outer loop
      vertex 8.767423e-04 -1.797588e-03 4.268500e-02
      vertex 8.767423e-04 -1.797588e-03 8.268500e-02
      vertex 7.492132e-04 -1.854368e-03 8.268500e-02
    endloop
  endfacet
  facet normal 4.694716e-01 -8.829476e-01 0.000000e+00
    outer loop
      vertex 8.767423e-04 -1.797588e-03 4.268500e-02
      vertex 1.000000e-03 -1.732051e-03 4.268500e-02
      vertex 8.767423e-04 -1.797588e-03 8.268500e-02
    endloop
  endfacet
  facet normal 4.694716e-01 -8.829476e-01 0.000000e+00
    outer loop
      vertex 1.000000e-03 -1.732051e-03 4.268500e-02
      vertex 1.000000e-03 -1.732051e-03 8.268500e-02
      vertex 8.767423e-04 -1.797588e-03 8.268500e-02
    endloop
  endfacet
  facet normal 5.299193e-01 -8.480481e-01 0.000000e+00
    outer loop
      vertex 1.000000e-03 -1.732051e-03 4.268500e-02
      vertex 1.118386e-03 -1.658075e-03 4.268500e-02
      vertex 1.000000e-03 -1.732051e-03 8.268500e-02
    endloop
  endfacet
  facet normal 5.299193e-01 -8.480481e-01 0.000000e+00
    outer loop
      vertex 1.118386e-03 -1.658075e-03 4.268500e-02
      vertex 1.118386e-03 -1.658075e-03 8.268500e-02
      vertex 1.000000e-03 -1.732051e-03 8.268500e-02
    endloop
  endfacet
  facet normal 5.877853e-01 -8.090170e-01 0.000000e+00
    outer loop
      vertex 1.118386e-03 -1.658075e-03 4.268500e-02
      vertex 1.231323e-03 -1.576022e-03 4.268500e-02
      vertex 1.118386e-03 -1.658075e-03 8.268500e-02
    endloop
  endfacet
  facet normal 5.877853e-01 -8.090170e-01 0.000000e+00
    outer loop
      vertex 1.231323e-03 -1.576022e-03 4.268500e-02
      vertex 1.231323e-03 -1.576022e-03 8.268500e-02
      vertex 1.118386e-03 -1.658075e-03 8.268500e-02
    endloop
  endfacet
  facet normal 6.427876e-01 -7.660444e-01 0.000000e+00
    outer loop
      vertex 1.231323e-03 -1.576022e-03 4.268500e-02
      vertex 1.338261e-03 -1.486290e-03 4.268500e-02
      vertex 1.231323e-03 -1.576022e-03 8.268500e-02
    endloop
  endfacet
  facet normal 6.427876e-01 -7.660444e-01 0.000000e+00
    outer loop
      vertex 1.338261e-03 -1.486290e-03 4.268500e-02
      vertex 1.338261e-03 -1.486290e-03 8.268500e-02
      vertex 1.231323e-03 -1.576022e-03 8.268500e-02
    endloop
  endfacet
  facet normal 6.946584e-01 -7.193398e-01 0.000000e+00
    outer loop
      vertex 1.338261e-03 -1.486290e-03 4.268500e-02
      vertex 1.438680e-03 -1.389317e-03 4.268500e-02
      vertex 1.338261e-03 -1.486290e-03 8.268500e-02
    endloop
  endfacet
  facet normal 6.946584e-01 -7.193398e-01 0.000000e+00
    outer loop
      vertex 1.438680e-03 -1.389317e-03 4.268500e-02
      vertex 1.438680e-03 -1.389317e-03 8.268500e-02
      vertex 1.338261e-03 -1.486290e-03 8.268500e-02
    endloop
  endfacet
  facet normal 7.431448e-01 -6.691306e-01 0.000000e+00
    outer loop
      vertex 1.438680e-03 -1.389317e-03 4.268500e-02
      vertex 1.532089e-03 -1.285575e-03 4.268500e-02
      vertex 1.438680e-03 -1.389317e-03 8.268500e-02
    endloop
  endfacet
  facet normal 7.431448e-01 -6.691306e-01 0.000000e+00
    outer loop
      vertex 1.532089e-03 -1.285575e-03 4.268500e-02
      vertex 1.532089e-03 -1.285575e-03 8.268500e-02
      vertex 1.438680e-03 -1.389317e-03 8.268500e-02
    endloop
  endfacet
  facet normal 7.880108e-01 -6.156615e-01 0.000000e+00
    outer loop
      vertex 1.532089e-03 -1.285575e-03 4.268500e-02
      vertex 1.618034e-03 -1.175571e-03 4.268500e-02
      vertex 1.532089e-03 -1.285575e-03 8.268500e-02
    endloop
  endfacet
  facet normal 7.880108e-01 -6.156615e-01 0.000000e+00
    outer loop
      vertex 1.618034e-03 -1.175571e-03 4.268500e-02
      vertex 1.618034e-03 -1.175571e-03 8.268500e-02
      vertex 1.532089e-03 -1.285575e-03 8.268500e-02
    endloop
  endfacet
  facet normal 8.290376e-01 -5.591929e-01 0.000000e+00
    outer loop
      vertex 1.618034e-03 -1.175571e-03 4.268500e-02
      vertex 1.696096e-03 -1.059839e-03 4.268500e-02
      vertex 1.618034e-03 -1.175571e-03 8.268500e-02
    endloop
  endfacet
  facet normal 8.290376e-01 -5.591929e-01 0.000000e+00
    outer loop
      vertex 1.696096e-03 -1.059839e-03 4.268500e-02
      vertex 1.696096e-03 -1.059839e-03 8.268500e-02
      vertex 1.618034e-03 -1.175571e-03 8.268500e-02
    endloop
  endfacet
  facet normal 8.660254e-01 -5.000000e-01 0.000000e+00
    outer loop
      vertex 1.696096e-03 -1.059839e-03 4.268500e-02
      vertex 1.765895e-03 -9.389431e-04 4.268500e-02
      vertex 1.696096e-03 -1.059839e-03 8.268500e-02
    endloop
  endfacet
  facet normal 8.660254e-01 -5.000000e-01 0.000000e+00
    outer loop
      vertex 1.765895e-03 -9.389431e-04 4.268500e-02
      vertex 1.765895e-03 -9.389431e-04 8.268500e-02
      vertex 1.696096e-03 -1.059839e-03 8.268500e-02
    endloop
  endfacet
  facet normal 8.987940e-01 -4.383711e-01 0.000000e+00
    outer loop
      vertex 1.765895e-03 -9.389431e-04 4.268500e-02
      vertex 1.827091e-03 -8.134733e-04 4.268500e-02
      vertex 1.765895e-03 -9.389431e-04 8.268500e-02
    endloop
  endfacet
  facet normal 8.987940e-01 -4.383711e-01 0.000000e+00
    outer loop
      vertex 1.827091e-03 -8.134733e-04 4.268500e-02
      vertex 1.827091e-03 -8.134733e-04 8.268500e-02
      vertex 1.765895e-03 -9.389431e-04 8.268500e-02
    endloop
  endfacet
  facet normal 9.271839e-01 -3.746066e-01 0.000000e+00
    outer loop
      vertex 1.827091e-03 -8.134733e-04 4.268500e-02
      vertex 1.879385e-03 -6.840403e-04 4.268500e-02
      vertex 1.827091e-03 -8.134733e-04 8.268500e-02
    endloop
  endfacet
  facet normal 9.271839e-01 -3.746066e-01 0.000000e+00
    outer loop
      vertex 1.879385e-03 -6.840403e-04 4.268500e-02
      vertex 1.879385e-03 -6.840403e-04 8.268500e-02
      vertex 1.827091e-03 -8.134733e-04 8.268500e-02
    endloop
  endfacet
  facet normal 9.510565e-01 -3.090170e-01 0.000000e+00
    outer loop
      vertex 1.879385e-03 -6.840403e-04 4.268500e-02
      vertex 1.922523e-03 -5.512747e-04 4.268500e-02
      vertex 1.879385e-03 -6.840403e-04 8.268500e-02
    endloop
  endfacet
  facet normal 9.510565e-01 -3.090170e-01 0.000000e+00
    outer loop
      vertex 1.922523e-03 -5.512747e-04 4.268500e-02
      vertex 1.922523e-03 -5.512747e-04 8.268500e-02
      vertex 1.879385e-03 -6.840403e-04 8.268500e-02
    endloop
  endfacet
  facet normal 9.702957e-01 -2.419219e-01 0.000000e+00
    outer loop
      vertex 1.922523e-03 -5.512747e-04 4.268500e-02
      vertex 1.956295e-03 -4.158234e-04 4.268500e-02
      vertex 1.922523e-03 -5.512747e-04 8.268500e-02
    endloop
  endfacet
  facet normal 9.702957e-01 -2.419219e-01 0.000000e+00
    outer loop
      vertex 1.956295e-03 -4.158234e-04 4.268500e-02
      vertex 1.956295e-03 -4.158234e-04 8.268500e-02
      vertex 1.922523e-03 -5.512747e-04 8.268500e-02
    endloop
  endfacet
  facet normal 9.848078e-01 -1.736482e-01 0.000000e+00
    outer loop
      vertex 1.956295e-03 -4.158234e-04 4.268500e-02
      vertex 1.980536e-03 -2.783462e-04 4.268500e-02
      vertex 1.956295e-03 -4.158234e-04 8.268500e-02
    endloop
  endfacet
  facet normal 9.848078e-01 -1.736482e-01 0.000000e+00
    outer loop
      vertex 1.980536e-03 -2.783462e-04 4.268500e-02
      vertex 1.980536e-03 -2.783462e-04 8.268500e-02
      vertex 1.956295e-03 -4.158234e-04 8.268500e-02
    endloop
  endfacet
  facet normal 9.945219e-01 -1.045285e-01 0.000000e+00
    outer loop
      vertex 1.980536e-03 -2.783462e-04 4.268500e-02
      vertex 1.995128e-03 -1.395129e-04 4.268500e-02
      vertex 1.980536e-03 -2.783462e-04 8.268500e-02
    endloop
  endfacet
  facet normal 9.945219e-01 -1.045285e-01 0.000000e+00
    outer loop
      vertex 1.995128e-03 -1.395129e-04 4.268500e-02
      vertex 1.995128e-03 -1.395129e-04 8.268500e-02
      vertex 1.980536e-03 -2.783462e-04 8.268500e-02
    endloop
  endfacet
  facet normal 9.993908e-01 -3.489950e-02 0.000000e+00
    outer loop
      vertex 1.995128e-03 -1.395129e-04 4.268500e-02
      vertex 2.000000e-03 -4.898587e-19 4.268500e-02
      vertex 1.995128e-03 -1.395129e-04 8.268500e-02
    endloop
  endfacet
  facet normal 9.993908e-01 -3.489950e-02 0.000000e+00
    outer loop
      vertex 2.000000e-03 -4.898587e-19 4.268500e-02
      vertex 2.000000e-03 -4.898587e-19 8.268500e-02
      vertex 1.995128e-03 -1.395129e-04 8.268500e-02
    endloop
  endfacet
  facet normal 0.000000e+00 0.000000e+00 -1.000000e+00
    outer loop
      vertex 2.000000e-03 0.000000e+00 8.268500e-02
      vertex 1.995128e-03 1.395129e-04 8.268500e-02
      vertex 6.000000e-03 0.000000e+00 8.268500e-02
    endloop
  endfacet
  facet normal 0.000000e+00 0.000000e+00 -1.000000e+00
    outer loop
      vertex 1.995128e-03 1.395129e-04 8.268500e-02
      vertex 5.985384e-03 4.185388e-04 8.268500e-02
      vertex 6.000000e-03 0.000000e+00 8.268500e-02
    endloop
  endfacet
  facet normal 0.000000e+00 0.000000e+00 -1.000000e+00
    outer loop
      vertex 1.995128e-03 1.395129e-04 8.268500e-02
      vertex 1.980536e-03 2.783462e-04 8.268500e-02
      vertex 5.985384e-03 4.185388e-04 8.268500e-02
    endloop
  endfacet
  facet normal 0.000000e+00 0.000000e+00 -1.000000e+00
    outer loop
      vertex 1.980536e-03 2.783462e-04 8.268500e-02
      vertex 5.941608e-03 8.350386e-04 8.268500e-02
      vertex 5.985384e-03 4.185388e-04 8.268500e-02
    endloop
  endfacet
  facet normal 0.000000e+00 0.000000e+00 -1.000000e+00
    outer loop
      vertex 1.980536e-03 2.783462e-04 8.268500e-02
      vertex 1.956295e-03 4.158234e-04 8.268500e-02
      vertex 5.941608e-03 8.350386e-04 8.268500e-02
    endloop
  endfacet
  facet normal 0.000000e+00 0.000000e+00 -1.000000e+00
    outer loop
      vertex 1.956295e-03 4.158234e-04 8.268500e-02
      vertex 5.868886e-03 1.247470e-03 8.268500e-02
      vertex 5.941608e-03 8.350386e-04 8.268500e-02
    endloop
  endfacet
  facet normal 0.000000e+00 0.000000e+00 -1.000000e+00
    outer loop
      vertex 1.956295e-03 4.158234e-04 8.268500e-02
      vertex 1.922523e-03 5.512747e-04 8.268500e-02
      vertex 5.868886e-03 1.247470e-03 8.268500e-02
    endloop
  endfacet
  facet normal 0.000000e+00 0.000000e+00 -1.000000e+00
    outer loop
      vertex 1.922523e-03 5.512747e-04 8.268500e-02
      vertex 5.767570e-03 1.653824e-03 8.268500e-02
      vertex 5.868886e-03 1.247470e-03 8.268500e-02
    endloop
  endfacet
  facet normal 0.000000e+00 0.000000e+00 -1.000000e+00
    outer loop
      vertex 1.922523e-03 5.512747e-04 8.268500e-02
      vertex 1.879385e-03 6.840403e-04 8.268500e-02
      vertex 5.767570e-03 1.653824e-03 8.268500e-02
    endloop
  endfacet
  facet normal 0.000000e+00 0.000000e+00 -1.000000e+00
    outer loop
      vertex 1.879385e-03 6.840403e-04 8.268500e-02
      vertex 5.638156e-03 2.052121e-03 8.268500e-02
      vertex 5.767570e-03 1.653824e-03 8.268500e-02
    endloop
  endfacet
  facet normal 0.000000e+00 0.000000e+00 -1.000000e+00
    outer loop
      vertex 1.879385e-03 6.840403e-04 8.268500e-02
      vertex 1.827091e-03 8.134733e-04 8.268500e-02
      vertex 5.638156e-03 2.052121e-03 8.268500e-02
    endloop
  endfacet
  facet normal 0.000000e+00 0.000000e+00 -1.000000e+00
    outer loop
      vertex 1.827091e-03 8.134733e-04 8.268500e-02
      vertex 5.481273e-03 2.440420e-03 8.268500e-02
      vertex 5.638156e-03 2.052121e-03 8.268500e-02
    endloop
  endfacet
  facet normal 0.000000e+00 0.000000e+00 -1.000000e+00
    outer loop
      vertex 1.827091e-03 8.134733e-04 8.268500e-02
      vertex 1.765895e-03 9.389431e-04 8.268500e-02
      vertex 5.481273e-03 2.440420e-03 8.268500e-02
    endloop
  endfacet
  facet normal 0.000000e+00 0.000000e+00 -1.000000e+00
    outer loop
      vertex 1.765895e-03 9.389431e-04 8.268500e-02
      vertex 5.297686e-03 2.816829e-03 8.268500e-02
      vertex 5.481273e-03 2.440420e-03 8.268500e-02
    endloop
  endfacet
  facet normal 0.000000e+00 0.000000e+00 -1.000000e+00
    outer loop
      vertex 1.765895e-03 9.389431e-04 8.268500e-02
      vertex 1.696096e-03 1.059839e-03 8.268500e-02
      vertex 5.297686e-03 2.816829e-03 8.268500e-02
    endloop
  endfacet
  facet normal 0.000000e+00 0.000000e+00 -1.000000e+00
    outer loop
      vertex 1.696096e-03 1.059839e-03 8.268500e-02
      vertex 5.088289e-03 3.179516e-03 8.268500e-02
      vertex 5.297686e-03 2.816829e-03 8.268500e-02
    endloop
  endfacet
  facet normal 0.000000e+00 0.000000e+00 -1.000000e+00
    outer loop
      vertex 1.696096e-03 1.059839e-03 8.268500e-02
      vertex 1.618034e-03 1.175571e-03 8.268500e-02
      vertex 5.088289e-03 3.179516e-03 8.268500e-02
    endloop
  endfacet
  facet normal 0.000000e+00 0.000000e+00 -1.000000e+00
    outer loop
      vertex 1.618034e-03 1.175571e-03 8.268500e-02
      vertex 4.854102e-03 3.526712e-03 8.268500e-02
      vertex 5.088289e-03 3.179516e-03 8.268500e-02
    endloop
  endfacet
  facet normal 0.000000e+00 0.000000e+00 -1.000000e+00
    outer loop
      vertex 1.618034e-03 1.175571e-03 8.268500e-02
      vertex 1.532089e-03 1.285575e-03 8.268500e-02
      vertex 4.854102e-03 3.526712e-03 8.268500e-02
    endloop
  endfacet
  facet normal 0.000000e+00 0.000000e+00 -1.000000e+00
    outer loop
      vertex 1.532089e-03 1.285575e-03 8.268500e-02
      vertex 4.596267e-03 3.856726e-03 8.268500e-02
      vertex 4.854102e-03 3.526712e-03 8.268500e-02
    endloop
  endfacet
  facet normal 0.000000e+00 0.000000e+00 -1.000000e+00
    outer loop
      vertex 1.532089e-03 1.285575e-03 8.268500e-02
      vertex 1.438680e-03 1.389317e-03 8.268500e-02
      vertex 4.596267e-03 3.856726e-03 8.268500e-02
    endloop
  endfacet
  facet normal 0.000000e+00 0.000000e+00 -1.000000e+00
    outer loop
      vertex 1.438680e-03 1.389317e-03 8.268500e-02
      vertex 4.316039e-03 4.167950e-03 8.268500e-02
      vertex 4.596267e-03 3.856726e-03 8.268500e-02
    endloop
  endfacet
  facet normal 0.000000e+00 0.000000e+00 -1.000000e+00
    outer loop
      vertex 1.438680e-03 1.389317e-03 8.268500e-02
      vertex 1.338261e-03 1.486290e-03 8.268500e-02
      vertex 4.316039e-03 4.167950e-03 8.268500e-02
    endloop
  endfacet
  facet normal 0.000000e+00 0.000000e+00 -1.000000e+00
    outer loop
      vertex 1.338261e-03 1.486290e-03 8.268500e-02
      vertex 4.014784e-03 4.458869e-03 8.268500e-02
      vertex 4.316039e-03 4.167950e-03 8.268500e-02
    endloop
  endfacet
  facet normal 0.000000e+00 0.000000e+00 -1.000000e+00
    outer loop
      vertex 1.338261e-03 1.486290e-03 8.268500e-02
      vertex 1.231323e-03 1.576022e-03 8.268500e-02
      vertex 4.014784e-03 4.458869e-03 8.268500e-02
    endloop
  endfacet
  facet normal 0.000000e+00 0.000000e+00 -1.000000e+00
    outer loop
      vertex 1.231323e-03 1.576022e-03 8.268500e-02
      vertex 3.693969e-03 4.728065e-03 8.268500e-02
      vertex 4.014784e-03 4.458869e-03 8.268500e-02
    endloop
  endfacet
  facet normal 0.000000e+00 0.000000e+00 -1.000000e+00
    outer loop
      vertex 1.231323e-03 1.576022e-03 8.268500e-02
      vertex 1.118386e-03 1.658075e-03 8.268500e-02
      vertex 3.693969e-03 4.728065e-03 8.268500e-02
    endloop
  endfacet
  facet normal 0.000000e+00 0.000000e+00 -1.000000e+00
    outer loop
      vertex 1.118386e-03 1.658075e-03 8.268500e-02
      vertex 3.355157e-03 4.974225e-03 8.268500e-02
      vertex 3.693969e-03 4.728065e-03 8.268500e-02
    endloop
  endfacet
  facet normal 0.000000e+00 0.000000e+00 -1.000000e+00
    outer loop
      vertex 1.118386e-03 1.658075e-03 8.268500e-02
      vertex 1.000000e-03 1.732051e-03 8.268500e-02
      vertex 3.355157e-03 4.974225e-03 8.268500e-02
    endloop
  endfacet
  facet normal 0.000000e+00 0.000000e+00 -1.000000e+00
    outer loop
      vertex 1.000000e-03 1.732051e-03 8.268500e-02
      vertex 3.000000e-03 5.196152e-03 8.268500e-02
      vertex 3.355157e-03 4.974225e-03 8.268500e-02
    endloop
  endfacet
  facet normal 0.000000e+00 0.000000e+00 -1.000000e+00
    outer loop
      vertex 1.000000e-03 1.732051e-03 8.268500e-02
      vertex 8.767423e-04 1.797588e-03 8.268500e-02
      vertex 3.000000e-03 5.196152e-03 8.268500e-02
    endloop
  endfacet
  facet normal 0.000000e+00 0.000000e+00 -1.000000e+00
    outer loop
      vertex 8.767423e-04 1.797588e-03 8.268500e-02
      vertex 2.630227e-03 5.392764e-03 8.268500e-02
      vertex 3.000000e-03 5.196152e-03 8.268500e-02
    endloop
  endfacet
  facet normal 0.000000e+00 0.000000e+00 -1.000000e+00
    outer loop
      vertex 8.767423e-04 1.797588e-03 8.268500e-02
      vertex 7.492132e-04 1.854368e-03 8.268500e-02
      vertex 2.630227e-03 5.392764e-03 8.268500e-02
    endloop
  endfacet
  facet normal 0.000000e+00 0.000000e+00 -1.000000e+00
    outer loop
      vertex 7.492132e-04 1.854368e-03 8.268500e-02
      vertex 2.247640e-03 5.563103e-03 8.268500e-02
      vertex 2.630227e-03 5.392764e-03 8.268500e-02
    endloop
  endfacet
  facet normal 0.000000e+00 0.000000e+00 -1.000000e+00
    outer loop
      vertex 7.492132e-04 1.854368e-03 8.268500e-02
      vertex 6.180340e-04 1.902113e-03 8.268500e-02
      vertex 2.247640e-03 5.563103e-03 8.268500e-02
    endloop
  endfacet
  facet normal 0.000000e+00 0.000000e+00 -1.000000e+00
    outer loop
      vertex 6.180340e-04 1.902113e-03 8.268500e-02
      vertex 1.854102e-03 5.706339e-03 8.268500e-02
      vertex 2.247640e-03 5.563103e-03 8.268500e-02
    endloop
  endfacet
  facet normal 0.000000e+00 0.000000e+00 -1.000000e+00
    outer loop
      vertex 6.180340e-04 1.902113e-03 8.268500e-02
      vertex 4.838438e-04 1.940591e-03 8.268500e-02
      vertex 1.854102e-03 5.706339e-03 8.268500e-02
    endloop
  endfacet
  facet normal 0.000000e+00 0.000000e+00 -1.000000e+00
    outer loop
      vertex 4.838438e-04 1.940591e-03 8.268500e-02
      vertex 1.451531e-03 5.821774e-03 8.268500e-02
      vertex 1.854102e-03 5.706339e-03 8.268500e-02
    endloop
  endfacet
  facet normal 0.000000e+00 0.000000e+00 -1.000000e+00
    outer loop
      vertex 4.838438e-04 1.940591e-03 8.268500e-02
      vertex 3.472964e-04 1.969616e-03 8.268500e-02
      vertex 1.451531e-03 5.821774e-03 8.268500e-02
    endloop
  endfacet
  facet normal 0.000000e+00 0.000000e+00 -1.000000e+00
    outer loop
      vertex 3.472964e-04 1.969616e-03 8.268500e-02
      vertex 1.041889e-03 5.908847e-03 8.268500e-02
      vertex 1.451531e-03 5.821774e-03 8.268500e-02
    endloop
  endfacet
  facet normal 0.000000e+00 0.000000e+00 -1.000000e+00
    outer loop
      vertex 3.472964e-04 1.969616e-03 8.268500e-02
      vertex 2.090569e-04 1.989044e-03 8.268500e-02
      vertex 1.041889e-03 5.908847e-03 8.268500e-02
    endloop
  endfacet
  facet normal 0.000000e+00 0.000000e+00 -1.000000e+00
    outer loop
      vertex 2.090569e-04 1.989044e-03 8.268500e-02
      vertex 6.271708e-04 5.967131e-03 8.268500e-02
      vertex 1.041889e-03 5.908847e-03 8.268500e-02
    endloop
  endfacet
  facet normal 0.000000e+00 0.000000e+00 -1.000000e+00
    outer loop
      vertex 2.090569e-04 1.989044e-03 8.268500e-02
      vertex 6.979899e-05 1.998782e-03 8.268500e-02
      vertex 6.271708e-04 5.967131e-03 8.268500e-02
    endloop
  endfacet
  facet normal 0.000000e+00 0.000000e+00 -1.000000e+00
    outer loop
      vertex 6.979899e-05 1.998782e-03 8.268500e-02
      vertex 2.093970e-04 5.996345e-03 8.268500e-02
      vertex 6.271708e-04 5.967131e-03 8.268500e-02
    endloop
  endfacet
  facet normal 0.000000e+00 0.000000e+00 -1.000000e+00
    outer loop
      vertex 6.979899e-05 1.998782e-03 8.268500e-02
      vertex -6.979899e-05 1.998782e-03 8.268500e-02
      vertex 2.093970e-04 5.996345e-03 8.268500e-02
    endloop
  endfacet
  facet normal 0.000000e+00 0.000000e+00 -1.000000e+00
    outer loop
      vertex -6.979899e-05 1.998782e-03 8.268500e-02
      vertex -2.093970e-04 5.996345e-03 8.268500e-02
      vertex 2.093970e-04 5.996345e-03 8.268500e-02
    endloop
  endfacet
  facet normal -0.000000e+00 0.000000e+00 -1.000000e+00
    outer loop
      vertex -6.979899e-05 1.998782e-03 8.268500e-02
      vertex -2.090569e-04 1.989044e-03 8.268500e-02
      vertex -2.093970e-04 5.996345e-03 8.268500e-02
    endloop
  endfacet
  facet normal 0.000000e+00 0.000000e+00 -1.000000e+00
    outer loop
      vertex -2.090569e-04 1.989044e-03 8.268500e-02
      vertex -6.271708e-04 5.967131e-03 8.268500e-02
      vertex -2.093970e-04 5.996345e-03 8.268500e-02
    endloop
  endfacet
  facet normal -0.000000e+00 0.000000e+00 -1.000000e+00
    outer loop
      vertex -2.090569e-04 1.989044e-03 8.268500e-02
      vertex -3.472964e-04 1.969616e-03 8.268500e-02
      vertex -6.271708e-04 5.967131e-03 8.268500e-02
    endloop
  endfacet
  facet normal 0.000000e+00 0.000000e+00 -1.000000e+00
    outer loop
      vertex -3.472964e-04 1.969616e-03 8.268500e-02
      vertex -1.041889e-03 5.908847e-03 8.268500e-02
      vertex -6.271708e-04 5.967131e-03 8.268500e-02
    endloop
  endfacet
  facet normal -0.000000e+00 0.000000e+00 -1.000000e+00
    outer loop
      vertex -3.472964e-04 1.969616e-03 8.268500e-02
      vertex -4.838438e-04 1.940591e-03 8.268500e-02
      vertex -1.041889e-03 5.908847e-03 8.268500e-02
    endloop
  endfacet
  facet normal 0.000000e+00 0.000000e+00 -1.000000e+00
    outer loop
      vertex -4.838438e-04 1.940591e-03 8.268500e-02
      vertex -1.451531e-03 5.821774e-03 8.268500e-02
      vertex -1.041889e-03 5.908847e-03 8.268500e-02
    endloop
  endfacet
  facet normal -0.000000e+00 0.000000e+00 -1.000000e+00
    outer loop
      vertex -4.838438e-04 1.940591e-03 8.268500e-02
      vertex -6.180340e-04 1.902113e-03 8.268500e-02
      vertex -1.451531e-03 5.821774e-03 8.268500e-02
    endloop
  endfacet
  facet normal 0.000000e+00 0.000000e+00 -1.000000e+00
    outer loop
      vertex -6.180340e-04 1.902113e-03 8.268500e-02
      vertex -1.854102e-03 5.706339e-03 8.268500e-02
      vertex -1.451531e-03 5.821774e-03 8.268500e-02
    endloop
  endfacet
  facet normal -0.000000e+00 0.000000e+00 -1.000000e+00
    outer loop
      vertex -6.180340e-04 1.902113e-03 8.268500e-02
      vertex -7.492132e-04 1.854368e-03 8.268500e-02
      vertex -1.854102e-03 5.706339e-03 8.268500e-02
    endloop
  endfacet
  facet normal 0.000000e+00 0.000000e+00 -1.000000e+00
    outer loop
      vertex -7.492132e-04 1.854368e-03 8.268500e-02
      vertex -2.247640e-03 5.563103e-03 8.268500e-02
      vertex -1.854102e-03 5.706339e-03 8.268500e-02
    endloop
  endfacet
  facet normal -0.000000e+00 0.000000e+00 -1.000000e+00
    outer loop
      vertex -7.492132e-04 1.854368e-03 8.268500e-02
      vertex -8.767423e-04 1.797588e-03 8.268500e-02
      vertex -2.247640e-03 5.563103e-03 8.268500e-02
    endloop
  endfacet
  facet normal 0.000000e+00 0.000000e+00 -1.000000e+00
    outer loop
      vertex -8.767423e-04 1.797588e-03 8.268500e-02
      vertex -2.630227e-03 5.392764e-03 8.268500e-02
      vertex -2.247640e-03 5.563103e-03 8.268500e-02
    endloop
  endfacet
  facet normal -0.000000e+00 0.000000e+00 -1.000000e+00
    outer loop
      vertex -8.767423e-04 1.797588e-03 8.268500e-02
      vertex -1.000000e-03 1.732051e-03 8.268500e-02
      vertex -2.630227e-03 5.392764e-03 8.268500e-02
    endloop
  endfacet
  facet normal 0.000000e+00 0.000000e+00 -1.000000e+00
    outer loop
      vertex -1.000000e-03 1.732051e-03 8.268500e-02
      vertex -3.000000e-03 5.196152e-03 8.268500e-02
      vertex -2.630227e-03 5.392764e-03 8.268500e-02
    endloop
  endfacet
  facet normal -0.000000e+00 0.000000e+00 -1.000000e+00
    outer loop
      vertex -1.000000e-03 1.732051e-03 8.268500e-02
      vertex -1.118386e-03 1.658075e-03 8.268500e-02
      vertex -3.000000e-03 5.196152e-03 8.268500e-02
    endloop
  endfacet
  facet normal 0.000000e+00 0.000000e+00 -1.000000e+00
    outer loop
      vertex -1.118386e-03 1.658075e-03 8.268500e-02
      vertex -3.355157e-03 4.974225e-03 8.268500e-02
      vertex -3.000000e-03 5.196152e-03 8.268500e-02
    endloop
  endfacet
  facet normal -0.000000e+00 0.000000e+00 -1.000000e+00
    outer loop
      vertex -1.118386e-03 1.658075e-03 8.268500e-02
      vertex -1.231323e-03 1.576022e-03 8.268500e-02
      vertex -3.355157e-03 4.974225e-03 8.268500e-02
    endloop
  endfacet
  facet normal 0.000000e+00 0.000000e+00 -1.000000e+00
    outer loop
      vertex -1.231323e-03 1.576022e-03 8.268500e-02
      vertex -3.693969e-03 4.728065e-03 8.268500e-02
      vertex -3.355157e-03 4.974225e-03 8.268500e-02
    endloop
  endfacet
  facet normal -0.000000e+00 0.000000e+00 -1.000000e+00
    outer loop
      vertex -1.231323e-03 1.576022e-03 8.268500e-02
      vertex -1.338261e-03 1.486290e-03 8.268500e-02
      vertex -3.693969e-03 4.728065e-03 8.268500e-02
    endloop
  endfacet
  facet normal 0.000000e+00 0.000000e+00 -1.000000e+00
    outer loop
      vertex -1.338261e-03 1.486290e-03 8.268500e-02
      vertex -4.014784e-03 4.458869e-03 8.268500e-02
      vertex -3.693969e-03 4.728065e-03 8.268500e-02
    endloop
  endfacet
  facet normal -0.000000e+00 0.000000e+00 -1.000000e+00
    outer loop
      vertex -1.338261e-03 1.486290e-03 8.268500e-02
      vertex -1.438680e-03 1.389317e-03 8.268500e-02
      vertex -4.014784e-03 4.458869e-03 8.268500e-02
    endloop
  endfacet
  facet normal 0.000000e+00 0.000000e+00 -1.000000e+00
    outer loop
      vertex -1.438680e-03 1.389317e-03 8.268500e-02
      vertex -4.316039e-03 4.167950e-03 8.268500e-02
      vertex -4.014784e-03 4.458869e-03 8.268500e-02
    endloop
  endfacet
  facet normal -0.000000e+00 0.000000e+00 -1.000000e+00
    outer loop
      vertex -1.438680e-03 1.389317e-03 8.268500e-02
      vertex -1.532089e-03 1.285575e-03 8.268500e-02
      vertex -4.316039e-03 4.167950e-03 8.268500e-02
    endloop
  endfacet
  facet normal 0.000000e+00 0.000000e+00 -1.000000e+00
    outer loop
      vertex -1.532089e-03 1.285575e-03 8.268500e-02
      vertex -4.596267e-03 3.856726e-03 8.268500e-02
      vertex -4.316039e-03 4.167950e-03 8.268500e-02
    endloop
  endfacet
  facet normal -0.000000e+00 0.000000e+00 -1.000000e+00
    outer loop
      vertex -1.532089e-03 1.285575e-03 8.268500e-02
      vertex -1.618034e-03 1.175571e-03 8.268500e-02
      vertex -4.596267e-03 3.856726e-03 8.268500e-02
    endloop
  endfacet
  facet normal 0.000000e+00 0.000000e+00 -1.000000e+00
    outer loop
      vertex -1.618034e-03 1.175571e-03 8.268500e-02
      vertex -4.854102e-03 3.526712e-03 8.268500e-02
      vertex -4.596267e-03 3.856726e-03 8.268500e-02
    endloop
  endfacet
  facet normal -0.000000e+00 0.000000e+00 -1.000000e+00
    outer loop
      vertex -1.618034e-03 1.175571e-03 8.268500e-02
      vertex -1.696096e-03 1.059839e-03 8.268500e-02
      vertex -4.854102e-03 3.526712e-03 8.268500e-02
    endloop
  endfacet
  facet normal 0.000000e+00 0.000000e+00 -1.000000e+00
    outer loop
      vertex -1.696096e-03 1.059839e-03 8.268500e-02
      vertex -5.088289e-03 3.179516e-03 8.268500e-02
      vertex -4.854102e-03 3.526712e-03 8.268500e-02
    endloop
  endfacet
  facet normal -0.000000e+00 0.000000e+00 -1.000000e+00
    outer loop
      vertex -1.696096e-03 1.059839e-03 8.268500e-02
      vertex -1.765895e-03 9.389431e-04 8.268500e-02
      vertex -5.088289e-03 3.179516e-03 8.268500e-02
    endloop
  endfacet
  facet normal 0.000000e+00 0.000000e+00 -1.000000e+00
    outer loop
      vertex -1.765895e-03 9.389431e-04 8.268500e-02
      vertex -5.297686e-03 2.816829e-03 8.268500e-02
      vertex -5.088289e-03 3.179516e-03 8.268500e-02
    endloop
  endfacet
  facet normal -0.000000e+00 0.000000e+00 -1.000000e+00
    outer loop
      vertex -1.765895e-03 9.389431e-04 8.268500e-02
      vertex -1.827091e-03 8.134733e-04 8.268500e-02
      vertex -5.297686e-03 2.816829e-03 8.268500e-02
    endloop
  endfacet
  facet normal 0.000000e+00 0.000000e+00 -1.000000e+00
    outer loop
      vertex -1.827091e-03 8.134733e-04 8.268500e-02
      vertex -5.481273e-03 2.440420e-03 8.268500e-02
      vertex -5.297686e-03 2.816829e-03 8.268500e-02
    endloop
  endfacet
  facet normal -0.000000e+00 0.000000e+00 -1.000000e+00
    outer loop
      vertex -1.827091e-03 8.134733e-04 8.268500e-02
      vertex -1.879385e-03 6.840403e-04 8.268500e-02
      vertex -5.481273e-03 2.440420e-03 8.268500e-02
    endloop
  endfacet
  facet normal 0.000000e+00 0.000000e+00 -1.000000e+00
    outer loop
      vertex -1.879385e-03 6.840403e-04 8.268500e-02
      vertex -5.638156e-03 2.052121e-03 8.268500e-02
      vertex -5.481273e-03 2.440420e-03 8.268500e-02
    endloop
  endfacet
  facet normal -0.000000e+00 0.000000e+00 -1.000000e+00
    outer loop
      vertex -1.879385e-03 6.840403e-04 8.268500e-02
      vertex -1.922523e-03 5.512747e-04 8.268500e-02
      vertex -5.638156e-03 2.052121e-03 8.268500e-02
    endloop
  endfacet
  facet normal 0.000000e+00 0.000000e+00 -1.000000e+00
    outer loop
      vertex -1.922523e-03 5.512747e-04 8.268500e-02
      vertex -5.767570e-03 1.653824e-03 8.268500e-02
      vertex -5.638156e-03 2.052121e-03 8.268500e-02
    endloop
  endfacet
  facet normal -0.000000e+00 0.000000e+00 -1.000000e+00
    outer loop
      vertex -1.922523e-03 5.512747e-04 8.268500e-02
      vertex -1.956295e-03 4.158234e-04 8.268500e-02
      vertex -5.767570e-03 1.653824e-03 8.268500e-02
    endloop
  endfacet
  facet normal 0.000000e+00 0.000000e+00 -1.000000e+00
    outer loop
      vertex -1.956295e-03 4.158234e-04 8.268500e-02
      vertex -5.868886e-03 1.247470e-03 8.268500e-02
      vertex -5.767570e-03 1.653824e-03 8.268500e-02
    endloop
  endfacet
  facet normal -0.000000e+00 0.000000e+00 -1.000000e+00
    outer loop
      vertex -1.956295e-03 4.158234e-04 8.268500e-02
      vertex -1.980536e-03 2.783462e-04 8.268500e-02
      vertex -5.868886e-03 1.247470e-03 8.268500e-02
    endloop
  endfacet
  facet normal 0.000000e+00 0.000000e+00 -1.000000e+00
    outer loop
      vertex -1.980536e-03 2.783462e-04 8.268500e-02
      vertex -5.941608e-03 8.350386e-04 8.268500e-02
      vertex -5.868886e-03 1.247470e-03 8.268500e-02
    endloop
  endfacet
  facet normal -0.000000e+00 0.000000e+00 -1.000000e+00
    outer loop
      vertex -1.980536e-03 2.783462e-04 8.268500e-02
      vertex -1.995128e-03 1.395129e-04 8.268500e-02
      vertex -5.941608e-03 8.350386e-04 8.268500e-02
    endloop
  endfacet
  facet normal 0.000000e+00 0.000000e+00 -1.000000e+00
    outer loop
      vertex -1.995128e-03 1.395129e-04 8.268500e-02
      vertex -5.985384e-03 4.185388e-04 8.268500e-02
      vertex -5.941608e-03 8.350386e-04 8.268500e-02
    endloop
  endfacet
  facet normal -0.000000e+00 0.000000e+00 -1.000000e+00
    outer loop
      vertex -1.995128e-03 1.395129e-04 8.268500e-02
      vertex -2.000000e-03 2.449294e-19 8.268500e-02
      vertex -5.985384e-03 4.185388e-04 8.268500e-02
    endloop
  endfacet
  facet normal 0.000000e+00 0.000000e+00 -1.000000e+00
    outer loop
      vertex -2.000000e-03 2.449294e-19 8.268500e-02
      vertex -6.000000e-03 7.347881e-19 8.268500e-02
      vertex -5.985384e-03 4.185388e-04 8.268500e-02
    endloop
  endfacet
  facet normal -0.000000e+00 -0.000000e+00 -1.000000e+00
    outer loop
      vertex -2.000000e-03 2.449294e-19 8.268500e-02
      vertex -1.995128e-03 -1.395129e-04 8.268500e-02
      vertex -6.000000e-03 7.347881e-19 8.268500e-02
    endloop
  endfacet
  facet normal -0.000000e+00 0.000000e+00 -1.000000e+00
    outer loop
      vertex -1.995128e-03 -1.395129e-04 8.268500e-02
      vertex -5.985384e-03 -4.185388e-04 8.268500e-02
      vertex -6.000000e-03 7.347881e-19 8.268500e-02
    endloop
  endfacet
  facet normal 0.000000e+00 -0.000000e+00 -1.000000e+00
    outer loop
      vertex -1.995128e-03 -1.395129e-04 8.268500e-02
      vertex -1.980536e-03 -2.783462e-04 8.268500e-02
      vertex -5.985384e-03 -4.185388e-04 8.268500e-02
    endloop
  endfacet
  facet normal 0.000000e+00 0.000000e+00 -1.000000e+00
    outer loop
      vertex -1.980536e-03 -2.783462e-04 8.268500e-02
      vertex -5.941608e-03 -8.350386e-04 8.268500e-02
      vertex -5.985384e-03 -4.185388e-04 8.268500e-02
    endloop
  endfacet
  facet normal 0.000000e+00 -0.000000e+00 -1.000000e+00
    outer loop
      vertex -1.980536e-03 -2.783462e-04 8.268500e-02
      vertex -1.956295e-03 -4.158234e-04 8.268500e-02
      vertex -5.941608e-03 -8.350386e-04 8.268500e-02
    endloop
  endfacet
  facet normal 0.000000e+00 0.000000e+00 -1.000000e+00
    outer loop
      vertex -1.956295e-03 -4.158234e-04 8.268500e-02
      vertex -5.868886e-03 -1.247470e-03 8.268500e-02
      vertex -5.941608e-03 -8.350386e-04 8.268500e-02
    endloop
  endfacet
  facet normal 0.000000e+00 -0.000000e+00 -1.000000e+00
    outer loop
      vertex -1.956295e-03 -4.158234e-04 8.268500e-02
      vertex -1.922523e-03 -5.512747e-04 8.268500e-02
      vertex -5.868886e-03 -1.247470e-03 8.268500e-02
    endloop
  endfacet
  facet normal 0.000000e+00 0.000000e+00 -1.000000e+00
    outer loop
      vertex -1.922523e-03 -5.512747e-04 8.268500e-02
      vertex -5.767570e-03 -1.653824e-03 8.268500e-02
      vertex -5.868886e-03 -1.247470e-03 8.268500e-02
    endloop
  endfacet
  facet normal 0.000000e+00 -0.000000e+00 -1.000000e+00
    outer loop
      vertex -1.922523e-03 -5.512747e-04 8.268500e-02
      vertex -1.879385e-03 -6.840403e-04 8.268500e-02
      vertex -5.767570e-03 -1.653824e-03 8.268500e-02
    endloop
  endfacet
  facet normal 0.000000e+00 0.000000e+00 -1.000000e+00
    outer loop
      vertex -1.879385e-03 -6.840403e-04 8.268500e-02
      vertex -5.638156e-03 -2.052121e-03 8.268500e-02
      vertex -5.767570e-03 -1.653824e-03 8.268500e-02
    endloop
  endfacet
  facet normal 0.000000e+00 -0.000000e+00 -1.000000e+00
    outer loop
      vertex -1.879385e-03 -6.840403e-04 8.268500e-02
      vertex -1.827091e-03 -8.134733e-04 8.268500e-02
      vertex -5.638156e-03 -2.052121e-03 8.268500e-02
    endloop
  endfacet
  facet normal 0.000000e+00 0.000000e+00 -1.000000e+00
    outer loop
      vertex -1.827091e-03 -8.134733e-04 8.268500e-02
      vertex -5.481273e-03 -2.440420e-03 8.268500e-02
      vertex -5.638156e-03 -2.052121e-03 8.268500e-02
    endloop
  endfacet
  facet normal 0.000000e+00 -0.000000e+00 -1.000000e+00
    outer loop
      vertex -1.827091e-03 -8.134733e-04 8.268500e-02
      vertex -1.765895e-03 -9.389431e-04 8.268500e-02
      vertex -5.481273e-03 -2.440420e-03 8.268500e-02
    endloop
  endfacet
  facet normal 0.000000e+00 0.000000e+00 -1.000000e+00
    outer loop
      vertex -1.765895e-03 -9.389431e-04 8.268500e-02
      vertex -5.297686e-03 -2.816829e-03 8.268500e-02
      vertex -5.481273e-03 -2.440420e-03 8.268500e-02
    endloop
  endfacet
  facet normal 0.000000e+00 -0.000000e+00 -1.000000e+00
    outer loop
      vertex -1.765895e-03 -9.389431e-04 8.268500e-02
      vertex -1.696096e-03 -1.059839e-03 8.268500e-02
      vertex -5.297686e-03 -2.816829e-03 8.268500e-02
    endloop
  endfacet
  facet normal 0.000000e+00 0.000000e+00 -1.000000e+00
    outer loop
      vertex -1.696096e-03 -1.059839e-03 8.268500e-02
      vertex -5.088289e-03 -3.179516e-03 8.268500e-02
      vertex -5.297686e-03 -2.816829e-03 8.268500e-02
    endloop
  endfacet
  facet normal 0.000000e+00 -0.000000e+00 -1.000000e+00
    outer loop
      vertex -1.696096e-03 -1.059839e-03 8.268500e-02
      vertex -1.618034e-03 -1.175571e-03 8.268500e-02
      vertex -5.088289e-03 -3.179516e-03 8.268500e-02
    endloop
  endfacet
  facet normal 0.000000e+00 0.000000e+00 -1.000000e+00
    outer loop
      vertex -1.618034e-03 -1.175571e-03 8.268500e-02
      vertex -4.854102e-03 -3.526712e-03 8.268500e-02
      vertex -5.088289e-03 -3.179516e-03 8.268500e-02
    endloop
  endfacet
  facet normal 0.000000e+00 -0.000000e+00 -1.000000e+00
    outer loop
      vertex -1.618034e-03 -1.175571e-03 8.268500e-02
      vertex -1.532089e-03 -1.285575e-03 8.268500e-02
      vertex -4.854102e-03 -3.526712e-03 8.268500e-02
    endloop
  endfacet
  facet normal 0.000000e+00 0.000000e+00 -1.000000e+00
    outer loop
      vertex -1.532089e-03 -1.285575e-03 8.268500e-02
      vertex -4.596267e-03 -3.856726e-03 8.268500e-02
      vertex -4.854102e-03 -3.526712e-03 8.268500e-02
    endloop
  endfacet
  facet normal 0.000000e+00 -0.000000e+00 -1.000000e+00
    outer loop
      vertex -1.532089e-03 -1.285575e-03 8.268500e-02
      vertex -1.438680e-03 -1.389317e-03 8.268500e-02
      vertex -4.596267e-03 -3.856726e-03 8.268500e-02
    endloop
  endfacet
  facet normal 0.000000e+00 0.000000e+00 -1.000000e+00
    outer loop
      vertex -1.438680e-03 -1.389317e-03 8.268500e-02
      vertex -4.316039e-03 -4.167950e-03 8.268500e-02
      vertex -4.596267e-03 -3.856726e-03 8.268500e-02
    endloop
  endfacet
  facet normal 0.000000e+00 -0.000000e+00 -1.000000e+00
    outer loop
      vertex -1.438680e-03 -1.389317e-03 8.268500e-02
      vertex -1.338261e-03 -1.486290e-03 8.268500e-02
      vertex -4.316039e-03 -4.167950e-03 8.268500e-02
    endloop
  endfacet
  facet normal 0.000000e+00 0.000000e+00 -1.000000e+00
    outer loop
      vertex -1.338261e-03 -1.486290e-03 8.268500e-02
      vertex -4.014784e-03 -4.458869e-03 8.268500e-02
      vertex -4.316039e-03 -4.167950e-03 8.268500e-02
    endloop
  endfacet
  facet normal 0.000000e+00 -0.000000e+00 -1.000000e+00
    outer loop
      vertex -1.338261e-03 -1.486290e-03 8.268500e-02
      vertex -1.231323e-03 -1.576022e-03 8.268500e-02
      vertex -4.014784e-03 -4.458869e-03 8.268500e-02
    endloop
  endfacet
  facet normal 0.000000e+00 0.000000e+00 -1.000000e+00
    outer loop
      vertex -1.231323e-03 -1.576022e-03 8.268500e-02
      vertex -3.693969e-03 -4.728065e-03 8.268500e-02
      vertex -4.014784e-03 -4.458869e-03 8.268500e-02
    endloop
  endfacet
  facet normal 0.000000e+00 -0.000000e+00 -1.000000e+00
    outer loop
      vertex -1.231323e-03 -1.576022e-03 8.268500e-02
      vertex -1.118386e-03 -1.658075e-03 8.268500e-02
      vertex -3.693969e-03 -4.728065e-03 8.268500e-02
    endloop
  endfacet
  facet normal 0.000000e+00 0.000000e+00 -1.000000e+00
    outer loop
      vertex -1.118386e-03 -1.658075e-03 8.268500e-02
      vertex -3.355157e-03 -4.974225e-03 8.268500e-02
      vertex -3.693969e-03 -4.728065e-03 8.268500e-02
    endloop
  endfacet
  facet normal 0.000000e+00 -0.000000e+00 -1.000000e+00
    outer loop
      vertex -1.118386e-03 -1.658075e-03 8.268500e-02
      vertex -1.000000e-03 -1.732051e-03 8.268500e-02
      vertex -3.355157e-03 -4.974225e-03 8.268500e-02
    endloop
  endfacet
  facet normal 0.000000e+00 0.000000e+00 -1.000000e+00
    outer loop
      vertex -1.000000e-03 -1.732051e-03 8.268500e-02
      vertex -3.000000e-03 -5.196152e-03 8.268500e-02
      vertex -3.355157e-03 -4.974225e-03 8.268500e-02
    endloop
  endfacet
  facet normal 0.000000e+00 -0.000000e+00 -1.000000e+00
    outer loop
      vertex -1.000000e-03 -1.732051e-03 8.268500e-02
      vertex -8.767423e-04 -1.797588e-03 8.268500e-02
      vertex -3.000000e-03 -5.196152e-03 8.268500e-02
    endloop
  endfacet
  facet normal 0.000000e+00 0.000000e+00 -1.000000e+00
    outer loop
      vertex -8.767423e-04 -1.797588e-03 8.268500e-02
      vertex -2.630227e-03 -5.392764e-03 8.268500e-02
      vertex -3.000000e-03 -5.196152e-03 8.268500e-02
    endloop
  endfacet
  facet normal 0.000000e+00 -0.000000e+00 -1.000000e+00
    outer loop
      vertex -8.767423e-04 -1.797588e-03 8.268500e-02
      vertex -7.492132e-04 -1.854368e-03 8.268500e-02
      vertex -2.630227e-03 -5.392764e-03 8.268500e-02
    endloop
  endfacet
  facet normal 0.000000e+00 0.000000e+00 -1.000000e+00
    outer loop
      vertex -7.492132e-04 -1.854368e-03 8.268500e-02
      vertex -2.247640e-03 -5.563103e-03 8.268500e-02
      vertex -2.630227e-03 -5.392764e-03 8.268500e-02
    endloop
  endfacet
  facet normal 0.000000e+00 -0.000000e+00 -1.000000e+00
    outer loop
      vertex -7.492132e-04 -1.854368e-03 8.268500e-02
      vertex -6.180340e-04 -1.902113e-03 8.268500e-02
      vertex -2.247640e-03 -5.563103e-03 8.268500e-02
    endloop
  endfacet
  facet normal 0.000000e+00 0.000000e+00 -1.000000e+00
    outer loop
      vertex -6.180340e-04 -1.902113e-03 8.268500e-02
      vertex -1.854102e-03 -5.706339e-03 8.268500e-02
      vertex -2.247640e-03 -5.563103e-03 8.268500e-02
    endloop
  endfacet
  facet normal 0.000000e+00 -0.000000e+00 -1.000000e+00
    outer loop
      vertex -6.180340e-04 -1.902113e-03 8.268500e-02
      vertex -4.838438e-04 -1.940591e-03 8.268500e-02
      vertex -1.854102e-03 -5.706339e-03 8.268500e-02
    endloop
  endfacet
  facet normal 0.000000e+00 0.000000e+00 -1.000000e+00
    outer loop
      vertex -4.838438e-04 -1.940591e-03 8.268500e-02
      vertex -1.451531e-03 -5.821774e-03 8.268500e-02
      vertex -1.854102e-03 -5.706339e-03 8.268500e-02
    endloop
  endfacet
  facet normal 0.000000e+00 -0.000000e+00 -1.000000e+00
    outer loop
      vertex -4.838438e-04 -1.940591e-03 8.268500e-02
      vertex -3.472964e-04 -1.969616e-03 8.268500e-02
      vertex -1.451531e-03 -5.821774e-03 8.268500e-02
    endloop
  endfacet
  facet normal 0.000000e+00 0.000000e+00 -1.000000e+00
    outer loop
      vertex -3.472964e-04 -1.969616e-03 8.268500e-02
      vertex -1.041889e-03 -5.908847e-03 8.268500e-02
      vertex -1.451531e-03 -5.821774e-03 8.268500e-02
    endloop
  endfacet
  facet normal 0.000000e+00 -0.000000e+00 -1.000000e+00
    outer loop
      vertex -3.472964e-04 -1.969616e-03 8.268500e-02
      vertex -2.090569e-04 -1.989044e-03 8.268500e-02
      vertex -1.041889e-03 -5.908847e-03 8.268500e-02
    endloop
  endfacet
  facet normal 0.000000e+00 0.000000e+00 -1.000000e+00
    outer loop
      vertex -2.090569e-04 -1.989044e-03 8.268500e-02
      vertex -6.271708e-04 -5.967131e-03 8.268500e-02
      vertex -1.041889e-03 -5.908847e-03 8.268500e-02
    endloop
  endfacet
  facet normal 0.000000e+00 -0.000000e+00 -1.000000e+00
    outer loop
      vertex -2.090569e-04 -1.989044e-03 8.268500e-02
      vertex -6.979899e-05 -1.998782e-03 8.268500e-02
      vertex -6.271708e-04 -5.967131e-03 8.268500e-02
    endloop
  endfacet
  facet normal 0.000000e+00 0.000000e+00 -1.000000e+00
    outer loop
      vertex -6.979899e-05 -1.998782e-03 8.268500e-02
      vertex -2.093970e-04 -5.996345e-03 8.268500e-02
      vertex -6.271708e-04 -5.967131e-03 8.268500e-02
    endloop
  endfacet
  facet normal 0.000000e+00 -0.000000e+00 -1.000000e+00
    outer loop
      vertex -6.979899e-05 -1.998782e-03 8.268500e-02
      vertex 6.979899e-05 -1.998782e-03 8.268500e-02
      vertex -2.093970e-04 -5.996345e-03 8.268500e-02
    endloop
  endfacet
  facet normal 0.000000e+00 -0.000000e+00 -1.000000e+00
    outer loop
      vertex 6.979899e-05 -1.998782e-03 8.268500e-02
      vertex 2.093970e-04 -5.996345e-03 8.268500e-02
      vertex -2.093970e-04 -5.996345e-03 8.268500e-02
    endloop
  endfacet
  facet normal 0.000000e+00 0.000000e+00 -1.000000e+00
    outer loop
      vertex 6.979899e-05 -1.998782e-03 8.268500e-02
      vertex 2.090569e-04 -1.989044e-03 8.268500e-02
      vertex 2.093970e-04 -5.996345e-03 8.268500e-02
    endloop
  endfacet
  facet normal 0.000000e+00 0.000000e+00 -1.000000e+00
    outer loop
      vertex 2.090569e-04 -1.989044e-03 8.268500e-02
      vertex 6.271708e-04 -5.967131e-03 8.268500e-02
      vertex 2.093970e-04 -5.996345e-03 8.268500e-02
    endloop
  endfacet
  facet normal 0.000000e+00 0.000000e+00 -1.000000e+00
    outer loop
      vertex 2.090569e-04 -1.989044e-03 8.268500e-02
      vertex 3.472964e-04 -1.969616e-03 8.268500e-02
      vertex 6.271708e-04 -5.967131e-03 8.268500e-02
    endloop
  endfacet
  facet normal 0.000000e+00 0.000000e+00 -1.000000e+00
    outer loop
      vertex 3.472964e-04 -1.969616e-03 8.268500e-02
      vertex 1.041889e-03 -5.908847e-03 8.268500e-02
      vertex 6.271708e-04 -5.967131e-03 8.268500e-02
    endloop
  endfacet
  facet normal 0.000000e+00 0.000000e+00 -1.000000e+00
    outer loop
      vertex 3.472964e-04 -1.969616e-03 8.268500e-02
      vertex 4.838438e-04 -1.940591e-03 8.268500e-02
      vertex 1.041889e-03 -5.908847e-03 8.268500e-02
    endloop
  endfacet
  facet normal 0.000000e+00 0.000000e+00 -1.000000e+00
    outer loop
      vertex 4.838438e-04 -1.940591e-03 8.268500e-02
      vertex 1.451531e-03 -5.821774e-03 8.268500e-02
      vertex 1.041889e-03 -5.908847e-03 8.268500e-02
    endloop
  endfacet
  facet normal 0.000000e+00 0.000000e+00 -1.000000e+00
    outer loop
      vertex 4.838438e-04 -1.940591e-03 8.268500e-02
      vertex 6.180340e-04 -1.902113e-03 8.268500e-02
      vertex 1.451531e-03 -5.821774e-03 8.268500e-02
    endloop
  endfacet
  facet normal 0.000000e+00 0.000000e+00 -1.000000e+00
    outer loop
      vertex 6.180340e-04 -1.902113e-03 8.268500e-02
      vertex 1.854102e-03 -5.706339e-03 8.268500e-02
      vertex 1.451531e-03 -5.821774e-03 8.268500e-02
    endloop
  endfacet
  facet normal 0.000000e+00 0.000000e+00 -1.000000e+00
    outer loop
      vertex 6.180340e-04 -1.902113e-03 8.268500e-02
      vertex 7.492132e-04 -1.854368e-03 8.268500e-02
      vertex 1.854102e-03 -5.706339e-03 8.268500e-02
    endloop
  endfacet
  facet normal 0.000000e+00 0.000000e+00 -1.000000e+00
    outer loop
      vertex 7.492132e-04 -1.854368e-03 8.268500e-02
      vertex 2.247640e-03 -5.563103e-03 8.268500e-02
      vertex 1.854102e-03 -5.706339e-03 8.268500e-02
    endloop
  endfacet
  facet normal 0.000000e+00 0.000000e+00 -1.000000e+00
    outer loop
      vertex 7.492132e-04 -1.854368e-03 8.268500e-02
      vertex 8.767423e-04 -1.797588e-03 8.268500e-02
      vertex 2.247640e-03 -5.563103e-03 8.268500e-02
    endloop
  endfacet
  facet normal 0.000000e+00 0.000000e+00 -1.000000e+00
    outer loop
      vertex 8.767423e-04 -1.797588e-03 8.268500e-02
      vertex 2.630227e-03 -5.392764e-03 8.268500e-02
      vertex 2.247640e-03 -5.563103e-03 8.268500e-02
    endloop
  endfacet
  facet normal 0.000000e+00 0.000000e+00 -1.000000e+00
    outer loop
      vertex 8.767423e-04 -1.797588e-03 8.268500e-02
      vertex 1.000000e-03 -1.732051e-03 8.268500e-02
      vertex 2.630227e-03 -5.392764e-03 8.268500e-02
    endloop
  endfacet
  facet normal 0.000000e+00 0.000000e+00 -1.000000e+00
    outer loop
      vertex 1.000000e-03 -1.732051e-03 8.268500e-02
      vertex 3.000000e-03 -5.196152e-03 8.268500e-02
      vertex 2.630227e-03 -5.392764e-03 8.268500e-02
    endloop
  endfacet
  facet normal 0.000000e+00 0.000000e+00 -1.000000e+00
    outer loop
      vertex 1.000000e-03 -1.732051e-03 8.268500e-02
      vertex 1.118386e-03 -1.658075e-03 8.268500e-02
      vertex 3.000000e-03 -5.196152e-03 8.268500e-02
    endloop
  endfacet
  facet normal 0.000000e+00 0.000000e+00 -1.000000e+00
    outer loop
      vertex 1.118386e-03 -1.658075e-03 8.268500e-02
      vertex 3.355157e-03 -4.974225e-03 8.268500e-02
      vertex 3.000000e-03 -5.196152e-03 8.268500e-02
    endloop
  endfacet
  facet normal 0.000000e+00 0.000000e+00 -1.000000e+00
    outer loop
      vertex 1.118386e-03 -1.658075e-03 8.268500e-02
      vertex 1.231323e-03 -1.576022e-03 8.268500e-02
      vertex 3.355157e-03 -4.974225e-03 8.268500e-02
    endloop
  endfacet
  facet normal 0.000000e+00 0.000000e+00 -1.000000e+00
    outer loop
      vertex 1.231323e-03 -1.576022e-03 8.268500e-02
      vertex 3.693969e-03 -4.728065e-03 8.268500e-02
      vertex 3.355157e-03 -4.974225e-03 8.268500e-02
    endloop
  endfacet
  facet normal 0.000000e+00 0.000000e+00 -1.000000e+00
    outer loop
      vertex 1.231323e-03 -1.576022e-03 8.268500e-02
      vertex 1.338261e-03 -1.486290e-03 8.268500e-02
      vertex 3.693969e-03 -4.728065e-03 8.268500e-02
    endloop
  endfacet
  facet normal 0.000000e+00 0.000000e+00 -1.000000e+00
    outer loop
      vertex 1.338261e-03 -1.486290e-03 8.268500e-02
      vertex 4.014784e-03 -4.458869e-03 8.268500e-02
      vertex 3.693969e-03 -4.728065e-03 8.268500e-02
    endloop
  endfacet
  facet normal 0.000000e+00 0.000000e+00 -1.000000e+00
    outer loop
      vertex 1.338261e-03 -1.486290e-03 8.268500e-02
      vertex 1.438680e-03 -1.389317e-03 8.268500e-02
      vertex 4.014784e-03 -4.458869e-03 8.268500e-02
    endloop
  endfacet
  facet normal 0.000000e+00 0.000000e+00 -1.000000e+00
    outer loop
      vertex 1.438680e-03 -1.389317e-03 8.268500e-02
      vertex 4.316039e-03 -4.167950e-03 8.268500e-02
      vertex 4.014784e-03 -4.458869e-03 8.268500e-02
    endloop
  endfacet
  facet normal 0.000000e+00 0.000000e+00 -1.000000e+00
    outer loop
      vertex 1.438680e-03 -1.389317e-03 8.268500e-02
      vertex 1.532089e-03 -1.285575e-03 8.268500e-02
      vertex 4.316039e-03 -4.167950e-03 8.268500e-02
    endloop
  endfacet
  facet normal 0.000000e+00 0.000000e+00 -1.000000e+00
    outer loop
      vertex 1.532089e-03 -1.285575e-03 8.268500e-02
      vertex 4.596267e-03 -3.856726e-03 8.268500e-02
      vertex 4.316039e-03 -4.167950e-03 8.268500e-02
    endloop
  endfacet
  facet normal 0.000000e+00 0.000000e+00 -1.000000e+00
    outer loop
      vertex 1.532089e-03 -1.285575e-03 8.268500e-02
      vertex 1.618034e-03 -1.175571e-03 8.268500e-02
      vertex 4.596267e-03 -3.856726e-03 8.268500e-02
    endloop
  endfacet
  facet normal 0.000000e+00 0.000000e+00 -1.000000e+00
    outer loop
      vertex 1.618034e-03 -1.175571e-03 8.268500e-02
      vertex 4.854102e-03 -3.526712e-03 8.268500e-02
      vertex 4.596267e-03 -3.856726e-03 8.268500e-02
    endloop
  endfacet
  facet normal 0.000000e+00 0.000000e+00 -1.000000e+00
    outer loop
      vertex 1.618034e-03 -1.175571e-03 8.268500e-02
      vertex 1.696096e-03 -1.059839e-03 8.268500e-02
      vertex 4.854102e-03 -3.526712e-03 8.268500e-02
    endloop
  endfacet
  facet normal 0.000000e+00 0.000000e+00 -1.000000e+00
    outer loop
      vertex 1.696096e-03 -1.059839e-03 8.268500e-02
      vertex 5.088289e-03 -3.179516e-03 8.268500e-02
      vertex 4.854102e-03 -3.526712e-03 8.268500e-02
    endloop
  endfacet
  facet normal 0.000000e+00 0.000000e+00 -1.000000e+00
    outer loop
      vertex 1.696096e-03 -1.059839e-03 8.268500e-02
      vertex 1.765895e-03 -9.389431e-04 8.268500e-02
      vertex 5.088289e-03 -3.179516e-03 8.268500e-02
    endloop
  endfacet
  facet normal 0.000000e+00 0.000000e+00 -1.000000e+00
    outer loop
      vertex 1.765895e-03 -9.389431e-04 8.268500e-02
      vertex 5.297686e-03 -2.816829e-03 8.268500e-02
      vertex 5.088289e-03 -3.179516e-03 8.268500e-02
    endloop
  endfacet
  facet normal 0.000000e+00 0.000000e+00 -1.000000e+00
    outer loop
      vertex 1.765895e-03 -9.389431e-04 8.268500e-02
      vertex 1.827091e-03 -8.134733e-04 8.268500e-02
      vertex 5.297686e-03 -2.816829e-03 8.268500e-02
    endloop
  endfacet
  facet normal 0.000000e+00 0.000000e+00 -1.000000e+00
    outer loop
      vertex 1.827091e-03 -8.134733e-04 8.268500e-02
      vertex 5.481273e-03 -2.440420e-03 8.268500e-02
      vertex 5.297686e-03 -2.816829e-03 8.268500e-02
    endloop
  endfacet
  facet normal 0.000000e+00 0.000000e+00 -1.000000e+00
    outer loop
      vertex 1.827091e-03 -8.134733e-04 8.268500e-02
      vertex 1.879385e-03 -6.840403e-04 8.268500e-02
      vertex 5.481273e-03 -2.440420e-03 8.268500e-02
    endloop
  endfacet
  facet normal 0.000000e+00 0.000000e+00 -1.000000e+00
    outer loop
      vertex 1.879385e-03 -6.840403e-04 8.268500e-02
      vertex 5.638156e-03 -2.052121e-03 8.268500e-02
      vertex 5.481273e-03 -2.440420e-03 8.268500e-02
    endloop
  endfacet
  facet normal 0.000000e+00 0.000000e+00 -1.000000e+00
    outer loop
      vertex 1.879385e-03 -6.840403e-04 8.268500e-02
      vertex 1.922523e-03 -5.512747e-04 8.268500e-02
      vertex 5.638156e-03 -2.052121e-03 8.268500e-02
    endloop
  endfacet
  facet normal 0.000000e+00 0.000000e+00 -1.000000e+00
    outer loop
      vertex 1.922523e-03 -5.512747e-04 8.268500e-02
      vertex 5.767570e-03 -1.653824e-03 8.268500e-02
      vertex 5.638156e-03 -2.052121e-03 8.268500e-02
    endloop
  endfacet
  facet normal 0.000000e+00 0.000000e+00 -1.000000e+00
    outer loop
      vertex 1.922523e-03 -5.512747e-04 8.268500e-02
      vertex 1.956295e-03 -4.158234e-04 8.268500e-02
      vertex 5.767570e-03 -1.653824e-03 8.268500e-02
    endloop
  endfacet
  facet normal 0.000000e+00 0.000000e+00 -1.000000e+00
    outer loop
      vertex 1.956295e-03 -4.158234e-04 8.268500e-02
      vertex 5.868886e-03 -1.247470e-03 8.268500e-02
      vertex 5.767570e-03 -1.653824e-03 8.268500e-02
    endloop
  endfacet
  facet normal 0.000000e+00 0.000000e+00 -1.000000e+00
    outer loop
      vertex 1.956295e-03 -4.158234e-04 8.268500e-02
      vertex 1.980536e-03 -2.783462e-04 8.268500e-02
      vertex 5.868886e-03 -1.247470e-03 8.268500e-02
    endloop
  endfacet
  facet normal 0.000000e+00 0.000000e+00 -1.000000e+00
    outer loop
      vertex 1.980536e-03 -2.783462e-04 8.268500e-02
      vertex 5.941608e-03 -8.350386e-04 8.268500e-02
      vertex 5.868886e-03 -1.247470e-03 8.268500e-02
    endloop
  endfacet
  facet normal 0.000000e+00 0.000000e+00 -1.000000e+00
    outer loop
      vertex 1.980536e-03 -2.783462e-04 8.268500e-02
      vertex 1.995128e-03 -1.395129e-04 8.268500e-02
      vertex 5.941608e-03 -8.350386e-04 8.268500e-02
    endloop
  endfacet
  facet normal 0.000000e+00 0.000000e+00 -1.000000e+00
    outer loop
      vertex 1.995128e-03 -1.395129e-04 8.268500e-02
      vertex 5.985384e-03 -4.185388e-04 8.268500e-02
      vertex 5.941608e-03 -8.350386e-04 8.268500e-02
    endloop
  endfacet
  facet normal 0.000000e+00 0.000000e+00 -1.000000e+00
    outer loop
      vertex 1.995128e-03 -1.395129e-04 8.268500e-02
      vertex 2.000000e-03 -4.898587e-19 8.268500e-02
      vertex 5.985384e-03 -4.185388e-04 8.268500e-02
    endloop
  endfacet
  facet normal 0.000000e+00 0.000000e+00 -1.000000e+00
    outer loop
      vertex 2.000000e-03 -4.898587e-19 8.268500e-02
      vertex 6.000000e-03 -1.469576e-18 8.268500e-02
      vertex 5.985384e-03 -4.185388e-04 8.268500e-02
    endloop
  endfacet
  facet normal 9.993908e-01 3.489950e-02 -0.000000e+00
    outer loop
      vertex 6.000000e-03 0.000000e+00 8.268500e-02
      vertex 5.985384e-03 4.185388e-04 8.268500e-02
      vertex 6.000000e-03 0.000000e+00 1.626850e-01
    endloop
  endfacet
  facet normal 9.993908e-01 3.489950e-02 -0.000000e+00
    outer loop
      vertex 5.985384e-03 4.185388e-04 8.268500e-02
      vertex 5.985384e-03 4.185388e-04 1.626850e-01
      vertex 6.000000e-03 0.000000e+00 1.626850e-01
    endloop
  endfacet
  facet normal 9.945219e-01 1.045285e-01 -0.000000e+00
    outer loop
      vertex 5.985384e-03 4.185388e-04 8.268500e-02
      vertex 5.941608e-03 8.350386e-04 8.268500e-02
      vertex 5.985384e-03 4.185388e-04 1.626850e-01
    endloop
  endfacet
  facet normal 9.945219e-01 1.045285e-01 -0.000000e+00
    outer loop
      vertex 5.941608e-03 8.350386e-04 8.268500e-02
      vertex 5.941608e-03 8.350386e-04 1.626850e-01
      vertex 5.985384e-03 4.185388e-04 1.626850e-01
    endloop
  endfacet
  facet normal 9.848078e-01 1.736482e-01 -0.000000e+00
    outer loop
      vertex 5.941608e-03 8.350386e-04 8.268500e-02
      vertex 5.868886e-03 1.247470e-03 8.268500e-02
      vertex 5.941608e-03 8.350386e-04 1.626850e-01
    endloop
  endfacet
  facet normal 9.848078e-01 1.736482e-01 -0.000000e+00
    outer loop
      vertex 5.868886e-03 1.247470e-03 8.268500e-02
      vertex 5.868886e-03 1.247470e-03 1.626850e-01
      vertex 5.941608e-03 8.350386e-04 1.626850e-01
    endloop
  endfacet
  facet normal 9.702957e-01 2.419219e-01 -0.000000e+00
    outer loop
      vertex 5.868886e-03 1.247470e-03 8.268500e-02
      vertex 5.767570e-03 1.653824e-03 8.268500e-02
      vertex 5.868886e-03 1.247470e-03 1.626850e-01
    endloop
  endfacet
  facet normal 9.702957e-01 2.419219e-01 -0.000000e+00
    outer loop
      vertex 5.767570e-03 1.653824e-03 8.268500e-02
      vertex 5.767570e-03 1.653824e-03 1.626850e-01
      vertex 5.868886e-03 1.247470e-03 1.626850e-01
    endloop
  endfacet
  facet normal 9.510565e-01 3.090170e-01 -0.000000e+00
    outer loop
      vertex 5.767570e-03 1.653824e-03 8.268500e-02
      vertex 5.638156e-03 2.052121e-03 8.268500e-02
      vertex 5.767570e-03 1.653824e-03 1.626850e-01
    endloop
  endfacet
  facet normal 9.510565e-01 3.090170e-01 -0.000000e+00
    outer loop
      vertex 5.638156e-03 2.052121e-03 8.268500e-02
      vertex 5.638156e-03 2.052121e-03 1.626850e-01
      vertex 5.767570e-03 1.653824e-03 1.626850e-01
    endloop
  endfacet
  facet normal 9.271839e-01 3.746066e-01 -0.000000e+00
    outer loop
      vertex 5.638156e-03 2.052121e-03 8.268500e-02
      vertex 5.481273e-03 2.440420e-03 8.268500e-02
      vertex 5.638156e-03 2.052121e-03 1.626850e-01
    endloop
  endfacet
  facet normal 9.271839e-01 3.746066e-01 -0.000000e+00
    outer loop
      vertex 5.481273e-03 2.440420e-03 8.268500e-02
      vertex 5.481273e-03 2.440420e-03 1.626850e-01
      vertex 5.638156e-03 2.052121e-03 1.626850e-01
    endloop
  endfacet
  facet normal 8.987940e-01 4.383711e-01 -0.000000e+00
    outer loop
      vertex 5.481273e-03 2.440420e-03 8.268500e-02
      vertex 5.297686e-03 2.816829e-03 8.268500e-02
      vertex 5.481273e-03 2.440420e-03 1.626850e-01
    endloop
  endfacet
  facet normal 8.987940e-01 4.383711e-01 -0.000000e+00
    outer loop
      vertex 5.297686e-03 2.816829e-03 8.268500e-02
      vertex 5.297686e-03 2.816829e-03 1.626850e-01
      vertex 5.481273e-03 2.440420e-03 1.626850e-01
    endloop
  endfacet
  facet normal 8.660254e-01 5.000000e-01 -0.000000e+00
    outer loop
      vertex 5.297686e-03 2.816829e-03 8.268500e-02
      vertex 5.088289e-03 3.179516e-03 8.268500e-02
      vertex 5.297686e-03 2.816829e-03 1.626850e-01
    endloop
  endfacet
  facet normal 8.660254e-01 5.000000e-01 -0.000000e+00
    outer loop
      vertex 5.088289e-03 3.179516e-03 8.268500e-02
      vertex 5.088289e-03 3.179516e-03 1.626850e-01
      vertex 5.297686e-03 2.816829e-03 1.626850e-01
    endloop
  endfacet
  facet normal 8.290376e-01 5.591929e-01 -0.000000e+00
    outer loop
      vertex 5.088289e-03 3.179516e-03 8.268500e-02
      vertex 4.854102e-03 3.526712e-03 8.268500e-02
      vertex 5.088289e-03 3.179516e-03 1.626850e-01
    endloop
  endfacet
  facet normal 8.290376e-01 5.591929e-01 -0.000000e+00
    outer loop
      vertex 4.854102e-03 3.526712e-03 8.268500e-02
      vertex 4.854102e-03 3.526712e-03 1.626850e-01
      vertex 5.088289e-03 3.179516e-03 1.626850e-01
    endloop
  endfacet
  facet normal 7.880108e-01 6.156615e-01 -0.000000e+00
    outer loop
      vertex 4.854102e-03 3.526712e-03 8.268500e-02
      vertex 4.596267e-03 3.856726e-03 8.268500e-02
      vertex 4.854102e-03 3.526712e-03 1.626850e-01
    endloop
  endfacet
  facet normal 7.880108e-01 6.156615e-01 -0.000000e+00
    outer loop
      vertex 4.596267e-03 3.856726e-03 8.268500e-02
      vertex 4.596267e-03 3.856726e-03 1.626850e-01
      vertex 4.854102e-03 3.526712e-03 1.626850e-01
    endloop
  endfacet
  facet normal 7.431448e-01 6.691306e-01 -0.000000e+00
    outer loop
      vertex 4.596267e-03 3.856726e-03 8.268500e-02
      vertex 4.316039e-03 4.167950e-03 8.268500e-02
      vertex 4.596267e-03 3.856726e-03 1.626850e-01
    endloop
  endfacet
  facet normal 7.431448e-01 6.691306e-01 -0.000000e+00
    outer loop
      vertex 4.316039e-03 4.167950e-03 8.268500e-02
      vertex 4.316039e-03 4.167950e-03 1.626850e-01
      vertex 4.596267e-03 3.856726e-03 1.626850e-01
    endloop
  endfacet
  facet normal 6.946584e-01 7.193398e-01 -0.000000e+00
    outer loop
      vertex 4.316039e-03 4.167950e-03 8.268500e-02
      vertex 4.014784e-03 4.458869e-03 8.268500e-02
      vertex 4.316039e-03 4.167950e-03 1.626850e-01
    endloop
  endfacet
  facet normal 6.946584e-01 7.193398e-01 -0.000000e+00
    outer loop
      vertex 4.014784e-03 4.458869e-03 8.268500e-02
      vertex 4.014784e-03 4.458869e-03 1.626850e-01
      vertex 4.316039e-03 4.167950e-03 1.626850e-01
    endloop
  endfacet
  facet normal 6.427876e-01 7.660444e-01 -0.000000e+00
    outer loop
      vertex 4.014784e-03 4.458869e-03 8.268500e-02
      vertex 3.693969e-03 4.728065e-03 8.268500e-02
      vertex 4.014784e-03 4.458869e-03 1.626850e-01
    endloop
  endfacet
  facet normal 6.427876e-01 7.660444e-01 -0.000000e+00
    outer loop
      vertex 3.693969e-03 4.728065e-03 8.268500e-02
      vertex 3.693969e-03 4.728065e-03 1.626850e-01
      vertex 4.014784e-03 4.458869e-03 1.626850e-01
    endloop
  endfacet
  facet normal 5.877853e-01 8.090170e-01 -0.000000e+00
    outer loop
      vertex 3.693969e-03 4.728065e-03 8.268500e-02
      vertex 3.355157e-03 4.974225e-03 8.268500e-02
      vertex 3.693969e-03 4.728065e-03 1.626850e-01
    endloop
  endfacet
  facet normal 5.877853e-01 8.090170e-01 -0.000000e+00
    outer loop
      vertex 3.355157e-03 4.974225e-03 8.268500e-02
      vertex 3.355157e-03 4.974225e-03 1.626850e-01
      vertex 3.693969e-03 4.728065e-03 1.626850e-01
    endloop
  endfacet
  facet normal 5.299193e-01 8.480481e-01 -0.000000e+00
    outer loop
      vertex 3.355157e-03 4.974225e-03 8.268500e-02
      vertex 3.000000e-03 5.196152e-03 8.268500e-02
      vertex 3.355157e-03 4.974225e-03 1.626850e-01
    endloop
  endfacet
  facet normal 5.299193e-01 8.480481e-01 -0.000000e+00
    outer loop
      vertex 3.000000e-03 5.196152e-03 8.268500e-02
      vertex 3.000000e-03 5.196152e-03 1.626850e-01
      vertex 3.355157e-03 4.974225e-03 1.626850e-01
    endloop
  endfacet
  facet normal 4.694716e-01 8.829476e-01 -0.000000e+00
    outer loop
      vertex 3.000000e-03 5.196152e-03 8.268500e-02
      vertex 2.630227e-03 5.392764e-03 8.268500e-02
      vertex 3.000000e-03 5.196152e-03 1.626850e-01
    endloop
  endfacet
  facet normal 4.694716e-01 8.829476e-01 -0.000000e+00
    outer loop
      vertex 2.630227e-03 5.392764e-03 8.268500e-02
      vertex 2.630227e-03 5.392764e-03 1.626850e-01
      vertex 3.000000e-03 5.196152e-03 1.626850e-01
    endloop
  endfacet
  facet normal 4.067366e-01 9.135455e-01 -0.000000e+00
    outer loop
      vertex 2.630227e-03 5.392764e-03 8.268500e-02
      vertex 2.247640e-03 5.563103e-03 8.268500e-02
      vertex 2.630227e-03 5.392764e-03 1.626850e-01
    endloop
  endfacet
  facet normal 4.067366e-01 9.135455e-01 -0.000000e+00
    outer loop
      vertex 2.247640e-03 5.563103e-03 8.268500e-02
      vertex 2.247640e-03 5.563103e-03 1.626850e-01
      vertex 2.630227e-03 5.392764e-03 1.626850e-01
    endloop
  endfacet
  facet normal 3.420201e-01 9.396926e-01 -0.000000e+00
    outer loop
      vertex 2.247640e-03 5.563103e-03 8.268500e-02
      vertex 1.854102e-03 5.706339e-03 8.268500e-02
      vertex 2.247640e-03 5.563103e-03 1.626850e-01
    endloop
  endfacet
  facet normal 3.420201e-01 9.396926e-01 -0.000000e+00
    outer loop
      vertex 1.854102e-03 5.706339e-03 8.268500e-02
      vertex 1.854102e-03 5.706339e-03 1.626850e-01
      vertex 2.247640e-03 5.563103e-03 1.626850e-01
    endloop
  endfacet
  facet normal 2.756374e-01 9.612617e-01 -0.000000e+00
    outer loop
      vertex 1.854102e-03 5.706339e-03 8.268500e-02
      vertex 1.451531e-03 5.821774e-03 8.268500e-02
      vertex 1.854102e-03 5.706339e-03 1.626850e-01
    endloop
  endfacet
  facet normal 2.756374e-01 9.612617e-01 -0.000000e+00
    outer loop
      vertex 1.451531e-03 5.821774e-03 8.268500e-02
      vertex 1.451531e-03 5.821774e-03 1.626850e-01
      vertex 1.854102e-03 5.706339e-03 1.626850e-01
    endloop
  endfacet
  facet normal 2.079117e-01 9.781476e-01 -0.000000e+00
    outer loop
      vertex 1.451531e-03 5.821774e-03 8.268500e-02
      vertex 1.041889e-03 5.908847e-03 8.268500e-02
      vertex 1.451531e-03 5.821774e-03 1.626850e-01
    endloop
  endfacet
  facet normal 2.079117e-01 9.781476e-01 -0.000000e+00
    outer loop
      vertex 1.041889e-03 5.908847e-03 8.268500e-02
      vertex 1.041889e-03 5.908847e-03 1.626850e-01
      vertex 1.451531e-03 5.821774e-03 1.626850e-01
    endloop
  endfacet
  facet normal 1.391731e-01 9.902681e-01 -0.000000e+00
    outer loop
      vertex 1.041889e-03 5.908847e-03 8.268500e-02
      vertex 6.271708e-04 5.967131e-03 8.268500e-02
      vertex 1.041889e-03 5.908847e-03 1.626850e-01
    endloop
  endfacet
  facet normal 1.391731e-01 9.902681e-01 -0.000000e+00
    outer loop
      vertex 6.271708e-04 5.967131e-03 8.268500e-02
      vertex 6.271708e-04 5.967131e-03 1.626850e-01
      vertex 1.041889e-03 5.908847e-03 1.626850e-01
    endloop
  endfacet
  facet normal 6.975647e-02 9.975641e-01 -0.000000e+00
    outer loop
      vertex 6.271708e-04 5.967131e-03 8.268500e-02
      vertex 2.093970e-04 5.996345e-03 8.268500e-02
      vertex 6.271708e-04 5.967131e-03 1.626850e-01
    endloop
  endfacet
  facet normal 6.975647e-02 9.975641e-01 -0.000000e+00
    outer loop
      vertex 2.093970e-04 5.996345e-03 8.268500e-02
      vertex 2.093970e-04 5.996345e-03 1.626850e-01
      vertex 6.271708e-04 5.967131e-03 1.626850e-01
    endloop
  endfacet
  facet normal 0.000000e+00 1.000000e+00 -0.000000e+00
    outer loop
      vertex 2.093970e-04 5.996345e-03 8.268500e-02
      vertex -2.093970e-04 5.996345e-03 8.268500e-02
      vertex 2.093970e-04 5.996345e-03 1.626850e-01
    endloop
  endfacet
  facet normal 0.000000e+00 1.000000e+00 0.000000e+00
    outer loop
      vertex -2.093970e-04 5.996345e-03 8.268500e-02
      vertex -2.093970e-04 5.996345e-03 1.626850e-01
      vertex 2.093970e-04 5.996345e-03 1.626850e-01
    endloop
  endfacet
  facet normal -6.975647e-02 9.975641e-01 0.000000e+00
    outer loop
      vertex -2.093970e-04 5.996345e-03 8.268500e-02
      vertex -6.271708e-04 5.967131e-03 8.268500e-02
      vertex -2.093970e-04 5.996345e-03 1.626850e-01
    endloop
  endfacet
  facet normal -6.975647e-02 9.975641e-01 0.000000e+00
    outer loop
      vertex -6.271708e-04 5.967131e-03 8.268500e-02
      vertex -6.271708e-04 5.967131e-03 1.626850e-01
      vertex -2.093970e-04 5.996345e-03 1.626850e-01
    endloop
  endfacet
  facet normal -1.391731e-01 9.902681e-01 0.000000e+00
    outer loop
      vertex -6.271708e-04 5.967131e-03 8.268500e-02
      vertex -1.041889e-03 5.908847e-03 8.268500e-02
      vertex -6.271708e-04 5.967131e-03 1.626850e-01
    endloop
  endfacet
  facet normal -1.391731e-01 9.902681e-01 0.000000e+00
    outer loop
      vertex -1.041889e-03 5.908847e-03 8.268500e-02
      vertex -1.041889e-03 5.908847e-03 1.626850e-01
      vertex -6.271708e-04 5.967131e-03 1.626850e-01
    endloop
  endfacet
  facet normal -2.079117e-01 9.781476e-01 0.000000e+00
    outer loop
      vertex -1.041889e-03 5.908847e-03 8.268500e-02
      vertex -1.451531e-03 5.821774e-03 8.268500e-02
      vertex -1.041889e-03 5.908847e-03 1.626850e-01
    endloop
  endfacet
  facet normal -2.079117e-01 9.781476e-01 0.000000e+00
    outer loop
      vertex -1.451531e-03 5.821774e-03 8.268500e-02
      vertex -1.451531e-03 5.821774e-03 1.626850e-01
      vertex -1.041889e-03 5.908847e-03 1.626850e-01
    endloop
  endfacet
  facet normal -2.756374e-01 9.612617e-01 0.000000e+00
    outer loop
      vertex -1.451531e-03 5.821774e-03 8.268500e-02
      vertex -1.854102e-03 5.706339e-03 8.268500e-02
      vertex -1.451531e-03 5.821774e-03 1.626850e-01
    endloop
  endfacet
  facet normal -2.756374e-01 9.612617e-01 0.000000e+00
    outer loop
      vertex -1.854102e-03 5.706339e-03 8.268500e-02
      vertex -1.854102e-03 5.706339e-03 1.626850e-01
      vertex -1.451531e-03 5.821774e-03 1.626850e-01
    endloop
  endfacet
  facet normal -3.420201e-01 9.396926e-01 0.000000e+00
    outer loop
      vertex -1.854102e-03 5.706339e-03 8.268500e-02
      vertex -2.247640e-03 5.563103e-03 8.268500e-02
      vertex -1.854102e-03 5.706339e-03 1.626850e-01
    endloop
  endfacet
  facet normal -3.420201e-01 9.396926e-01 0.000000e+00
    outer loop
      vertex -2.247640e-03 5.563103e-03 8.268500e-02
      vertex -2.247640e-03 5.563103e-03 1.626850e-01
      vertex -1.854102e-03 5.706339e-03 1.626850e-01
    endloop
  endfacet
  facet normal -4.067366e-01 9.135455e-01 0.000000e+00
    outer loop
      vertex -2.247640e-03 5.563103e-03 8.268500e-02
      vertex -2.630227e-03 5.392764e-03 8.268500e-02
      vertex -2.247640e-03 5.563103e-03 1.626850e-01
    endloop
  endfacet
  facet normal -4.067366e-01 9.135455e-01 0.000000e+00
    outer loop
      vertex -2.630227e-03 5.392764e-03 8.268500e-02
      vertex -2.630227e-03 5.392764e-03 1.626850e-01
      vertex -2.247640e-03 5.563103e-03 1.626850e-01
    endloop
  endfacet
  facet normal -4.694716e-01 8.829476e-01 0.000000e+00
    outer loop
      vertex -2.630227e-03 5.392764e-03 8.268500e-02
      vertex -3.000000e-03 5.196152e-03 8.268500e-02
      vertex -2.630227e-03 5.392764e-03 1.626850e-01
    endloop
  endfacet
  facet normal -4.694716e-01 8.829476e-01 0.000000e+00
    outer loop
      vertex -3.000000e-03 5.196152e-03 8.268500e-02
      vertex -3.000000e-03 5.196152e-03 1.626850e-01
      vertex -2.630227e-03 5.392764e-03 1.626850e-01
    endloop
  endfacet
  facet normal -5.299193e-01 8.480481e-01 0.000000e+00
    outer loop
      vertex -3.000000e-03 5.196152e-03 8.268500e-02
      vertex -3.355157e-03 4.974225e-03 8.268500e-02
      vertex -3.000000e-03 5.196152e-03 1.626850e-01
    endloop
  endfacet
  facet normal -5.299193e-01 8.480481e-01 0.000000e+00
    outer loop
      vertex -3.355157e-03 4.974225e-03 8.268500e-02
      vertex -3.355157e-03 4.974225e-03 1.626850e-01
      vertex -3.000000e-03 5.196152e-03 1.626850e-01
    endloop
  endfacet
  facet normal -5.877853e-01 8.090170e-01 0.000000e+00
    outer loop
      vertex -3.355157e-03 4.974225e-03 8.268500e-02
      vertex -3.693969e-03 4.728065e-03 8.268500e-02
      vertex -3.355157e-03 4.974225e-03 1.626850e-01
    endloop
  endfacet
  facet normal -5.877853e-01 8.090170e-01 0.000000e+00
    outer loop
      vertex -3.693969e-03 4.728065e-03 8.268500e-02
      vertex -3.693969e-03 4.728065e-03 1.626850e-01
      vertex -3.355157e-03 4.974225e-03 1.626850e-01
    endloop
  endfacet
  facet normal -6.427876e-01 7.660444e-01 0.000000e+00
    outer loop
      vertex -3.693969e-03 4.728065e-03 8.268500e-02
      vertex -4.014784e-03 4.458869e-03 8.268500e-02
      vertex -3.693969e-03 4.728065e-03 1.626850e-01
    endloop
  endfacet
  facet normal -6.427876e-01 7.660444e-01 0.000000e+00
    outer loop
      vertex -4.014784e-03 4.458869e-03 8.268500e-02
      vertex -4.014784e-03 4.458869e-03 1.626850e-01
      vertex -3.693969e-03 4.728065e-03 1.626850e-01
    endloop
  endfacet
  facet normal -6.946584e-01 7.193398e-01 0.000000e+00
    outer loop
      vertex -4.014784e-03 4.458869e-03 8.268500e-02
      vertex -4.316039e-03 4.167950e-03 8.268500e-02
      vertex -4.014784e-03 4.458869e-03 1.626850e-01
    endloop
  endfacet
  facet normal -6.946584e-01 7.193398e-01 0.000000e+00
    outer loop
      vertex -4.316039e-03 4.167950e-03 8.268500e-02
      vertex -4.316039e-03 4.167950e-03 1.626850e-01
      vertex -4.014784e-03 4.458869e-03 1.626850e-01
    endloop
  endfacet
  facet normal -7.431448e-01 6.691306e-01 0.000000e+00
    outer loop
      vertex -4.316039e-03 4.167950e-03 8.268500e-02
      vertex -4.596267e-03 3.856726e-03 8.268500e-02
      vertex -4.316039e-03 4.167950e-03 1.626850e-01
    endloop
  endfacet
  facet normal -7.431448e-01 6.691306e-01 0.000000e+00
    outer loop
      vertex -4.596267e-03 3.856726e-03 8.268500e-02
      vertex -4.596267e-03 3.856726e-03 1.626850e-01
      vertex -4.316039e-03 4.167950e-03 1.626850e-01
    endloop
  endfacet
  facet normal -7.880108e-01 6.156615e-01 0.000000e+00
    outer loop
      vertex -4.596267e-03 3.856726e-03 8.268500e-02
      vertex -4.854102e-03 3.526712e-03 8.268500e-02
      vertex -4.596267e-03 3.856726e-03 1.626850e-01
    endloop
  endfacet
  facet normal -7.880108e-01 6.156615e-01 0.000000e+00
    outer loop
      vertex -4.854102e-03 3.526712e-03 8.268500e-02
      vertex -4.854102e-03 3.526712e-03 1.626850e-01
      vertex -4.596267e-03 3.856726e-03 1.626850e-01
    endloop
  endfacet
  facet normal -8.290376e-01 5.591929e-01 0.000000e+00
    outer loop
      vertex -4.854102e-03 3.526712e-03 8.268500e-02
      vertex -5.088289e-03 3.179516e-03 8.268500e-02
      vertex -4.854102e-03 3.526712e-03 1.626850e-01
    endloop
  endfacet
  facet normal -8.290376e-01 5.591929e-01 0.000000e+00
    outer loop
      vertex -5.088289e-03 3.179516e-03 8.268500e-02
      vertex -5.088289e-03 3.179516e-03 1.626850e-01
      vertex -4.854102e-03 3.526712e-03 1.626850e-01
    endloop
  endfacet
  facet normal -8.660254e-01 5.000000e-01 0.000000e+00
    outer loop
      vertex -5.088289e-03 3.179516e-03 8.268500e-02
      vertex -5.297686e-03 2.816829e-03 8.268500e-02
      vertex -5.088289e-03 3.179516e-03 1.626850e-01
    endloop
  endfacet
  facet normal -8.660254e-01 5.000000e-01 0.000000e+00
    outer loop
      vertex -5.297686e-03 2.816829e-03 8.268500e-02
      vertex -5.297686e-03 2.816829e-03 1.626850e-01
      vertex -5.088289e-03 3.179516e-03 1.626850e-01
    endloop
  endfacet
  facet normal -8.987940e-01 4.383711e-01 0.000000e+00
    outer loop
      vertex -5.297686e-03 2.816829e-03 8.268500e-02
      vertex -5.481273e-03 2.440420e-03 8.268500e-02
      vertex -5.297686e-03 2.816829e-03 1.626850e-01
    endloop
  endfacet
  facet normal -8.987940e-01 4.383711e-01 0.000000e+00
    outer loop
      vertex -5.481273e-03 2.440420e-03 8.268500e-02
      vertex -5.481273e-03 2.440420e-03 1.626850e-01
      vertex -5.297686e-03 2.816829e-03 1.626850e-01
    endloop
  endfacet
  facet normal -9.271839e-01 3.746066e-01 0.000000e+00
    outer loop
      vertex -5.481273e-03 2.440420e-03 8.268500e-02
      vertex -5.638156e-03 2.052121e-03 8.268500e-02
      vertex -5.481273e-03 2.440420e-03 1.626850e-01
    endloop
  endfacet
  facet normal -9.271839e-01 3.746066e-01 0.000000e+00
    outer loop
      vertex -5.638156e-03 2.052121e-03 8.268500e-02
      vertex -5.638156e-03 2.052121e-03 1.626850e-01
      vertex -5.481273e-03 2.440420e-03 1.626850e-01
    endloop
  endfacet
  facet normal -9.510565e-01 3.090170e-01 0.000000e+00
    outer loop
      vertex -5.638156e-03 2.052121e-03 8.268500e-02
      vertex -5.767570e-03 1.653824e-03 8.268500e-02
      vertex -5.638156e-03 2.052121e-03 1.626850e-01
    endloop
  endfacet
  facet normal -9.510565e-01 3.090170e-01 0.000000e+00
    outer loop
      vertex -5.767570e-03 1.653824e-03 8.268500e-02
      vertex -5.767570e-03 1.653824e-03 1.626850e-01
      vertex -5.638156e-03 2.052121e-03 1.626850e-01
    endloop
  endfacet
  facet normal -9.702957e-01 2.419219e-01 0.000000e+00
    outer loop
      vertex -5.767570e-03 1.653824e-03 8.268500e-02
      vertex -5.868886e-03 1.247470e-03 8.268500e-02
      vertex -5.767570e-03 1.653824e-03 1.626850e-01
    endloop
  endfacet
  facet normal -9.702957e-01 2.419219e-01 0.000000e+00
    outer loop
      vertex -5.868886e-03 1.247470e-03 8.268500e-02
      vertex -5.868886e-03 1.247470e-03 1.626850e-01
      vertex -5.767570e-03 1.653824e-03 1.626850e-01
    endloop
  endfacet
  facet normal -9.848078e-01 1.736482e-01 0.000000e+00
    outer loop
      vertex -5.868886e-03 1.247470e-03 8.268500e-02
      vertex -5.941608e-03 8.350386e-04 8.268500e-02
      vertex -5.868886e-03 1.247470e-03 1.626850e-01
    endloop
  endfacet
  facet normal -9.848078e-01 1.736482e-01 0.000000e+00
    outer loop
      vertex -5.941608e-03 8.350386e-04 8.268500e-02
      vertex -5.941608e-03 8.350386e-04 1.626850e-01
      vertex -5.868886e-03 1.247470e-03 1.626850e-01
    endloop
  endfacet
  facet normal -9.945219e-01 1.045285e-01 0.000000e+00
    outer loop
      vertex -5.941608e-03 8.350386e-04 8.268500e-02
      vertex -5.985384e-03 4.185388e-04 8.268500e-02
      vertex -5.941608e-03 8.350386e-04 1.626850e-01
    endloop
  endfacet
  facet normal -9.945219e-01 1.045285e-01 0.000000e+00
    outer loop
      vertex -5.985384e-03 4.185388e-04 8.268500e-02
      vertex -5.985384e-03 4.185388e-04 1.626850e-01
      vertex -5.941608e-03 8.350386e-04 1.626850e-01
    endloop
  endfacet
  facet normal -9.993908e-01 3.489950e-02 0.000000e+00
    outer loop
      vertex -5.985384e-03 4.185388e-04 8.268500e-02
      vertex -6.000000e-03 7.347881e-19 8.268500e-02
      vertex -5.985384e-03 4.185388e-04 1.626850e-01
    endloop
  endfacet
  facet normal -9.993908e-01 3.489950e-02 0.000000e+00
    outer loop
      vertex -6.000000e-03 7.347881e-19 8.268500e-02
      vertex -6.000000e-03 7.347881e-19 1.626850e-01
      vertex -5.985384e-03 4.185388e-04 1.626850e-01
    endloop
  endfacet
  facet normal -9.993908e-01 -3.489950e-02 0.000000e+00
    outer loop
      vertex -6.000000e-03 7.347881e-19 8.268500e-02
      vertex -5.985384e-03 -4.185388e-04 8.268500e-02
      vertex -6.000000e-03 7.347881e-19 1.626850e-01
    endloop
  endfacet
  facet normal -9.993908e-01 -3.489950e-02 0.000000e+00
    outer loop
      vertex -5.985384e-03 -4.185388e-04 8.268500e-02
      vertex -5.985384e-03 -4.185388e-04 1.626850e-01
      vertex -6.000000e-03 7.347881e-19 1.626850e-01
    endloop
  endfacet
  facet normal -9.945219e-01 -1.045285e-01 0.000000e+00
    outer loop
      vertex -5.985384e-03 -4.185388e-04 8.268500e-02
      vertex -5.941608e-03 -8.350386e-04 8.268500e-02
      vertex -5.985384e-03 -4.185388e-04 1.626850e-01
    endloop
  endfacet
  facet normal -9.945219e-01 -1.045285e-01 0.000000e+00
    outer loop
      vertex -5.941608e-03 -8.350386e-04 8.268500e-02
      vertex -5.941608e-03 -8.350386e-04 1.626850e-01
      vertex -5.985384e-03 -4.185388e-04 1.626850e-01
    endloop
  endfacet
  facet normal -9.848078e-01 -1.736482e-01 0.000000e+00
    outer loop
      vertex -5.941608e-03 -8.350386e-04 8.268500e-02
      vertex -5.868886e-03 -1.247470e-03 8.268500e-02
      vertex -5.941608e-03 -8.350386e-04 1.626850e-01
    endloop
  endfacet
  facet normal -9.848078e-01 -1.736482e-01 0.000000e+00
    outer loop
      vertex -5.868886e-03 -1.247470e-03 8.268500e-02
      vertex -5.868886e-03 -1.247470e-03 1.626850e-01
      vertex -5.941608e-03 -8.350386e-04 1.626850e-01
    endloop
  endfacet
  facet normal -9.702957e-01 -2.419219e-01 0.000000e+00
    outer loop
      vertex -5.868886e-03 -1.247470e-03 8.268500e-02
      vertex -5.767570e-03 -1.653824e-03 8.268500e-02
      vertex -5.868886e-03 -1.247470e-03 1.626850e-01
    endloop
  endfacet
  facet normal -9.702957e-01 -2.419219e-01 0.000000e+00
    outer loop
      vertex -5.767570e-03 -1.653824e-03 8.268500e-02
      vertex -5.767570e-03 -1.653824e-03 1.626850e-01
      vertex -5.868886e-03 -1.247470e-03 1.626850e-01
    endloop
  endfacet
  facet normal -9.510565e-01 -3.090170e-01 0.000000e+00
    outer loop
      vertex -5.767570e-03 -1.653824e-03 8.268500e-02
      vertex -5.638156e-03 -2.052121e-03 8.268500e-02
      vertex -5.767570e-03 -1.653824e-03 1.626850e-01
    endloop
  endfacet
  facet normal -9.510565e-01 -3.090170e-01 0.000000e+00
    outer loop
      vertex -5.638156e-03 -2.052121e-03 8.268500e-02
      vertex -5.638156e-03 -2.052121e-03 1.626850e-01
      vertex -5.767570e-03 -1.653824e-03 1.626850e-01
    endloop
  endfacet
  facet normal -9.271839e-01 -3.746066e-01 0.000000e+00
    outer loop
      vertex -5.638156e-03 -2.052121e-03 8.268500e-02
      vertex -5.481273e-03 -2.440420e-03 8.268500e-02
      vertex -5.638156e-03 -2.052121e-03 1.626850e-01
    endloop
  endfacet
  facet normal -9.271839e-01 -3.746066e-01 0.000000e+00
    outer loop
      vertex -5.481273e-03 -2.440420e-03 8.268500e-02
      vertex -5.481273e-03 -2.440420e-03 1.626850e-01
      vertex -5.638156e-03 -2.052121e-03 1.626850e-01
    endloop
  endfacet
  facet normal -8.987940e-01 -4.383711e-01 0.000000e+00
    outer loop
      vertex -5.481273e-03 -2.440420e-03 8.268500e-02
      vertex -5.297686e-03 -2.816829e-03 8.268500e-02
      vertex -5.481273e-03 -2.440420e-03 1.626850e-01
    endloop
  endfacet
  facet normal -8.987940e-01 -4.383711e-01 0.000000e+00
    outer loop
      vertex -5.297686e-03 -2.816829e-03 8.268500e-02
      vertex -5.297686e-03 -2.816829e-03 1.626850e-01
      vertex -5.481273e-03 -2.440420e-03 1.626850e-01
    endloop
  endfacet
  facet normal -8.660254e-01 -5.000000e-01 0.000000e+00
    outer loop
      vertex -5.297686e-03 -2.816829e-03 8.268500e-02
      vertex -5.088289e-03 -3.179516e-03 8.268500e-02
      vertex -5.297686e-03 -2.816829e-03 1.626850e-01
    endloop
  endfacet
  facet normal -8.660254e-01 -5.000000e-01 0.000000e+00
    outer loop
      vertex -5.088289e-03 -3.179516e-03 8.268500e-02
      vertex -5.088289e-03 -3.179516e-03 1.626850e-01
      vertex -5.297686e-03 -2.816829e-03 1.626850e-01
    endloop
  endfacet
  facet normal -8.290376e-01 -5.591929e-01 0.000000e+00
    outer loop
      vertex -5.088289e-03 -3.179516e-03 8.268500e-02
      vertex -4.854102e-03 -3.526712e-03 8.268500e-02
      vertex -5.088289e-03 -3.179516e-03 1.626850e-01
    endloop
  endfacet
  facet normal -8.290376e-01 -5.591929e-01 0.000000e+00
    outer loop
      vertex -4.854102e-03 -3.526712e-03 8.268500e-02
      vertex -4.854102e-03 -3.526712e-03 1.626850e-01
      vertex -5.088289e-03 -3.179516e-03 1.626850e-01
    endloop
  endfacet
  facet normal -7.880108e-01 -6.156615e-01 0.000000e+00
    outer loop
      vertex -4.854102e-03 -3.526712e-03 8.268500e-02
      vertex -4.596267e-03 -3.856726e-03 8.268500e-02
      vertex -4.854102e-03 -3.526712e-03 1.626850e-01
    endloop
  endfacet
  facet normal -7.880108e-01 -6.156615e-01 0.000000e+00
    outer loop
      vertex -4.596267e-03 -3.856726e-03 8.268500e-02
      vertex -4.596267e-03 -3.856726e-03 1.626850e-01
      vertex -4.854102e-03 -3.526712e-03 1.626850e-01
    endloop
  endfacet
  facet normal -7.431448e-01 -6.691306e-01 0.000000e+00
    outer loop
      vertex -4.596267e-03 -3.856726e-03 8.268500e-02
      vertex -4.316039e-03 -4.167950e-03 8.268500e-02
      vertex -4.596267e-03 -3.856726e-03 1.626850e-01
    endloop
  endfacet
  facet normal -7.431448e-01 -6.691306e-01 0.000000e+00
    outer loop
      vertex -4.316039e-03 -4.167950e-03 8.268500e-02
      vertex -4.316039e-03 -4.167950e-03 1.626850e-01
      vertex -4.596267e-03 -3.856726e-03 1.626850e-01
    endloop
  endfacet
  facet normal -6.946584e-01 -7.193398e-01 0.000000e+00
    outer loop
      vertex -4.316039e-03 -4.167950e-03 8.268500e-02
      vertex -4.014784e-03 -4.458869e-03 8.268500e-02
      vertex -4.316039e-03 -4.167950e-03 1.626850e-01
    endloop
  endfacet
  facet normal -6.946584e-01 -7.193398e-01 0.000000e+00
    outer loop
      vertex -4.014784e-03 -4.458869e-03 8.268500e-02
      vertex -4.014784e-03 -4.458869e-03 1.626850e-01
      vertex -4.316039e-03 -4.167950e-03 1.626850e-01
    endloop
  endfacet
  facet normal -6.427876e-01 -7.660444e-01 0.000000e+00
    outer loop
      vertex -4.014784e-03 -4.458869e-03 8.268500e-02
      vertex -3.693969e-03 -4.728065e-03 8.268500e-02
      vertex -4.014784e-03 -4.458869e-03 1.626850e-01
    endloop
  endfacet
  facet normal -6.427876e-01 -7.660444e-01 0.000000e+00
    outer loop
      vertex -3.693969e-03 -4.728065e-03 8.268500e-02
      vertex -3.693969e-03 -4.728065e-03 1.626850e-01
      vertex -4.014784e-03 -4.458869e-03 1.626850e-01
    endloop
  endfacet
  facet normal -5.877853e-01 -8.090170e-01 0.000000e+00
    outer loop
      vertex -3.693969e-03 -4.728065e-03 8.268500e-02
      vertex -3.355157e-03 -4.974225e-03 8.268500e-02
      vertex -3.693969e-03 -4.728065e-03 1.626850e-01
    endloop
  endfacet
  facet normal -5.877853e-01 -8.090170e-01 0.000000e+00
    outer loop
      vertex -3.355157e-03 -4.974225e-03 8.268500e-02
      vertex -3.355157e-03 -4.974225e-03 1.626850e-01
      vertex -3.693969e-03 -4.728065e-03 1.626850e-01
    endloop
  endfacet
  facet normal -5.299193e-01 -8.480481e-01 0.000000e+00
    outer loop
      vertex -3.355157e-03 -4.974225e-03 8.268500e-02
      vertex -3.000000e-03 -5.196152e-03 8.268500e-02
      vertex -3.355157e-03 -4.974225e-03 1.626850e-01
    endloop
  endfacet
  facet normal -5.299193e-01 -8.480481e-01 0.000000e+00
    outer loop
      vertex -3.000000e-03 -5.196152e-03 8.268500e-02
      vertex -3.000000e-03 -5.196152e-03 1.626850e-01
      vertex -3.355157e-03 -4.974225e-03 1.626850e-01
    endloop
  endfacet
  facet normal -4.694716e-01 -8.829476e-01 0.000000e+00
    outer loop
      vertex -3.000000e-03 -5.196152e-03 8.268500e-02
      vertex -2.630227e-03 -5.392764e-03 8.268500e-02
      vertex -3.000000e-03 -5.196152e-03 1.626850e-01
    endloop
  endfacet
  facet normal -4.694716e-01 -8.829476e-01 0.000000e+00
    outer loop
      vertex -2.630227e-03 -5.392764e-03 8.268500e-02
      vertex -2.630227e-03 -5.392764e-03 1.626850e-01
      vertex -3.000000e-03 -5.196152e-03 1.626850e-01
    endloop
  endfacet
  facet normal -4.067366e-01 -9.135455e-01 0.000000e+00
    outer loop
      vertex -2.630227e-03 -5.392764e-03 8.268500e-02
      vertex -2.247640e-03 -5.563103e-03 8.268500e-02
      vertex -2.630227e-03 -5.392764e-03 1.626850e-01
    endloop
  endfacet
  facet normal -4.067366e-01 -9.135455e-01 0.000000e+00
    outer loop
      vertex -2.247640e-03 -5.563103e-03 8.268500e-02
      vertex -2.247640e-03 -5.563103e-03 1.626850e-01
      vertex -2.630227e-03 -5.392764e-03 1.626850e-01
    endloop
  endfacet
  facet normal -3.420201e-01 -9.396926e-01 0.000000e+00
    outer loop
      vertex -2.247640e-03 -5.563103e-03 8.268500e-02
      vertex -1.854102e-03 -5.706339e-03 8.268500e-02
      vertex -2.247640e-03 -5.563103e-03 1.626850e-01
    endloop
  endfacet
  facet normal -3.420201e-01 -9.396926e-01 0.000000e+00
    outer loop
      vertex -1.854102e-03 -5.706339e-03 8.268500e-02
      vertex -1.854102e-03 -5.706339e-03 1.626850e-01
      vertex -2.247640e-03 -5.563103e-03 1.626850e-01
    endloop
  endfacet
  facet normal -2.756374e-01 -9.612617e-01 0.000000e+00
    outer loop
      vertex -1.854102e-03 -5.706339e-03 8.268500e-02
      vertex -1.451531e-03 -5.821774e-03 8.268500e-02
      vertex -1.854102e-03 -5.706339e-03 1.626850e-01
    endloop
  endfacet
  facet normal -2.756374e-01 -9.612617e-01 0.000000e+00
    outer loop
      vertex -1.451531e-03 -5.821774e-03 8.268500e-02
      vertex -1.451531e-03 -5.821774e-03 1.626850e-01
      vertex -1.854102e-03 -5.706339e-03 1.626850e-01
    endloop
  endfacet
  facet normal -2.079117e-01 -9.781476e-01 0.000000e+00
    outer loop
      vertex -1.451531e-03 -5.821774e-03 8.268500e-02
      vertex -1.041889e-03 -5.908847e-03 8.268500e-02
      vertex -1.451531e-03 -5.821774e-03 1.626850e-01
    endloop
  endfacet
  facet normal -2.079117e-01 -9.781476e-01 0.000000e+00
    outer loop
      vertex -1.041889e-03 -5.908847e-03 8.268500e-02
      vertex -1.041889e-03 -5.908847e-03 1.626850e-01
      vertex -1.451531e-03 -5.821774e-03 1.626850e-01
    endloop
  endfacet
  facet normal -1.391731e-01 -9.902681e-01 0.000000e+00
    outer loop
      vertex -1.041889e-03 -5.908847e-03 8.268500e-02
      vertex -6.271708e-04 -5.967131e-03 8.268500e-02
      vertex -1.041889e-03 -5.908847e-03 1.626850e-01
    endloop
  endfacet
  facet normal -1.391731e-01 -9.902681e-01 0.000000e+00
    outer loop
      vertex -6.271708e-04 -5.967131e-03 8.268500e-02
      vertex -6.271708e-04 -5.967131e-03 1.626850e-01
      vertex -1.041889e-03 -5.908847e-03 1.626850e-01
    endloop
  endfacet
  facet normal -6.975647e-02 -9.975641e-01 0.000000e+00
    outer loop
      vertex -6.271708e-04 -5.967131e-03 8.268500e-02
      vertex -2.093970e-04 -5.996345e-03 8.268500e-02
      vertex -6.271708e-04 -5.967131e-03 1.626850e-01
    endloop
  endfacet
  facet normal -6.975647e-02 -9.975641e-01 0.000000e+00
    outer loop
      vertex -2.093970e-04 -5.996345e-03 8.268500e-02
      vertex -2.093970e-04 -5.996345e-03 1.626850e-01
      vertex -6.271708e-04 -5.967131e-03 1.626850e-01
    endloop
  endfacet
  facet normal 0.000000e+00 -1.000000e+00 0.000000e+00
    outer loop
      vertex -2.093970e-04 -5.996345e-03 8.268500e-02
      vertex 2.093970e-04 -5.996345e-03 8.268500e-02
      vertex -2.093970e-04 -5.996345e-03 1.626850e-01
    endloop
  endfacet
  facet normal 0.000000e+00 -1.000000e+00 0.000000e+00
    outer loop
      vertex 2.093970e-04 -5.996345e-03 8.268500e-02
      vertex 2.093970e-04 -5.996345e-03 1.626850e-01
      vertex -2.093970e-04 -5.996345e-03 1.626850e-01
    endloop
  endfacet
  facet normal 6.975647e-02 -9.975641e-01 0.000000e+00
    outer loop
      vertex 2.093970e-04 -5.996345e-03 8.268500e-02
      vertex 6.271708e-04 -5.967131e-03 8.268500e-02
      vertex 2.093970e-04 -5.996345e-03 1.626850e-01
    endloop
  endfacet
  facet normal 6.975647e-02 -9.975641e-01 0.000000e+00
    outer loop
      vertex 6.271708e-04 -5.967131e-03 8.268500e-02
      vertex 6.271708e-04 -5.967131e-03 1.626850e-01
      vertex 2.093970e-04 -5.996345e-03 1.626850e-01
    endloop
  endfacet
  facet normal 1.391731e-01 -9.902681e-01 0.000000e+00
    outer loop
      vertex 6.271708e-04 -5.967131e-03 8.268500e-02
      vertex 1.041889e-03 -5.908847e-03 8.268500e-02
      vertex 6.271708e-04 -5.967131e-03 1.626850e-01
    endloop
  endfacet
  facet normal 1.391731e-01 -9.902681e-01 0.000000e+00
    outer loop
      vertex 1.041889e-03 -5.908847e-03 8.268500e-02
      vertex 1.041889e-03 -5.908847e-03 1.626850e-01
      vertex 6.271708e-04 -5.967131e-03 1.626850e-01
    endloop
  endfacet
  facet normal 2.079117e-01 -9.781476e-01 0.000000e+00
    outer loop
      vertex 1.041889e-03 -5.908847e-03 8.268500e-02
      vertex 1.451531e-03 -5.821774e-03 8.268500e-02
      vertex 1.041889e-03 -5.908847e-03 1.626850e-01
    endloop
  endfacet
  facet normal 2.079117e-01 -9.781476e-01 0.000000e+00
    outer loop
      vertex 1.451531e-03 -5.821774e-03 8.268500e-02
      vertex 1.451531e-03 -5.821774e-03 1.626850e-01
      vertex 1.041889e-03 -5.908847e-03 1.626850e-01
    endloop
  endfacet
  facet normal 2.756374e-01 -9.612617e-01 0.000000e+00
    outer loop
      vertex 1.451531e-03 -5.821774e-03 8.268500e-02
      vertex 1.854102e-03 -5.706339e-03 8.268500e-02
      vertex 1.451531e-03 -5.821774e-03 1.626850e-01
    endloop
  endfacet
  facet normal 2.756374e-01 -9.612617e-01 0.000000e+00
    outer loop
      vertex 1.854102e-03 -5.706339e-03 8.268500e-02
      vertex 1.854102e-03 -5.706339e-03 1.626850e-01
      vertex 1.451531e-03 -5.821774e-03 1.626850e-01
    endloop
  endfacet
  facet normal 3.420201e-01 -9.396926e-01 0.000000e+00
    outer loop
      vertex 1.854102e-03 -5.706339e-03 8.268500e-02
      vertex 2.247640e-03 -5.563103e-03 8.268500e-02
      vertex 1.854102e-03 -5.706339e-03 1.626850e-01
    endloop
  endfacet
  facet normal 3.420201e-01 -9.396926e-01 0.000000e+00
    outer loop
      vertex 2.247640e-03 -5.563103e-03 8.268500e-02
      vertex 2.247640e-03 -5.563103e-03 1.626850e-01
      vertex 1.854102e-03 -5.706339e-03 1.626850e-01
    endloop
  endfacet
  facet normal 4.067366e-01 -9.135455e-01 0.000000e+00
    outer loop
      vertex 2.247640e-03 -5.563103e-03 8.268500e-02
      vertex 2.630227e-03 -5.392764e-03 8.268500e-02
      vertex 2.247640e-03 -5.563103e-03 1.626850e-01
    endloop
  endfacet
  facet normal 4.067366e-01 -9.135455e-01 0.000000e+00
    outer loop
      vertex 2.630227e-03 -5.392764e-03 8.268500e-02
      vertex 2.630227e-03 -5.392764e-03 1.626850e-01
      vertex 2.247640e-03 -5.563103e-03 1.626850e-01
    endloop
  endfacet
  facet normal 4.694716e-01 -8.829476e-01 0.000000e+00
    outer loop
      vertex 2.630227e-03 -5.392764e-03 8.268500e-02
      vertex 3.000000e-03 -5.196152e-03 8.268500e-02
      vertex 2.630227e-03 -5.392764e-03 1.626850e-01
    endloop
  endfacet
  facet normal 4.694716e-01 -8.829476e-01 0.000000e+00
    outer loop
      vertex 3.000000e-03 -5.196152e-03 8.268500e-02
      vertex 3.000000e-03 -5.196152e-03 1.626850e-01
      vertex 2.630227e-03 -5.392764e-03 1.626850e-01
    endloop
  endfacet
  facet normal 5.299193e-01 -8.480481e-01 0.000000e+00
    outer loop
      vertex 3.000000e-03 -5.196152e-03 8.268500e-02
      vertex 3.355157e-03 -4.974225e-03 8.268500e-02
      vertex 3.000000e-03 -5.196152e-03 1.626850e-01
    endloop
  endfacet
  facet normal 5.299193e-01 -8.480481e-01 0.000000e+00
    outer loop
      vertex 3.355157e-03 -4.974225e-03 8.268500e-02
      vertex 3.355157e-03 -4.974225e-03 1.626850e-01
      vertex 3.000000e-03 -5.196152e-03 1.626850e-01
    endloop
  endfacet
  facet normal 5.877853e-01 -8.090170e-01 0.000000e+00
    outer loop
      vertex 3.355157e-03 -4.974225e-03 8.268500e-02
      vertex 3.693969e-03 -4.728065e-03 8.268500e-02
      vertex 3.355157e-03 -4.974225e-03 1.626850e-01
    endloop
  endfacet
  facet normal 5.877853e-01 -8.090170e-01 0.000000e+00
    outer loop
      vertex 3.693969e-03 -4.728065e-03 8.268500e-02
      vertex 3.693969e-03 -4.728065e-03 1.626850e-01
      vertex 3.355157e-03 -4.974225e-03 1.626850e-01
    endloop
  endfacet
  facet normal 6.427876e-01 -7.660444e-01 0.000000e+00
    outer loop
      vertex 3.693969e-03 -4.728065e-03 8.268500e-02
      vertex 4.014784e-03 -4.458869e-03 8.268500e-02
      vertex 3.693969e-03 -4.728065e-03 1.626850e-01
    endloop
  endfacet
  facet normal 6.427876e-01 -7.660444e-01 0.000000e+00
    outer loop
      vertex 4.014784e-03 -4.458869e-03 8.268500e-02
      vertex 4.014784e-03 -4.458869e-03 1.626850e-01
      vertex 3.693969e-03 -4.728065e-03 1.626850e-01
    endloop
  endfacet
  facet normal 6.946584e-01 -7.193398e-01 0.000000e+00
    outer loop
      vertex 4.014784e-03 -4.458869e-03 8.268500e-02
      vertex 4.316039e-03 -4.167950e-03 8.268500e-02
      vertex 4.014784e-03 -4.458869e-03 1.626850e-01
    endloop
  endfacet
  facet normal 6.946584e-01 -7.193398e-01 0.000000e+00
    outer loop
      vertex 4.316039e-03 -4.167950e-03 8.268500e-02
      vertex 4.316039e-03 -4.167950e-03 1.626850e-01
      vertex 4.014784e-03 -4.458869e-03 1.626850e-01
    endloop
  endfacet
  facet normal 7.431448e-01 -6.691306e-01 0.000000e+00
    outer loop
      vertex 4.316039e-03 -4.167950e-03 8.268500e-02
      vertex 4.596267e-03 -3.856726e-03 8.268500e-02
      vertex 4.316039e-03 -4.167950e-03 1.626850e-01
    endloop
  endfacet
  facet normal 7.431448e-01 -6.691306e-01 0.000000e+00
    outer loop
      vertex 4.596267e-03 -3.856726e-03 8.268500e-02
      vertex 4.596267e-03 -3.856726e-03 1.626850e-01
      vertex 4.316039e-03 -4.167950e-03 1.626850e-01
    endloop
  endfacet
  facet normal 7.880108e-01 -6.156615e-01 0.000000e+00
    outer loop
      vertex 4.596267e-03 -3.856726e-03 8.268500e-02
      vertex 4.854102e-03 -3.526712e-03 8.268500e-02
      vertex 4.596267e-03 -3.856726e-03 1.626850e-01
    endloop
  endfacet
  facet normal 7.880108e-01 -6.156615e-01 0.000000e+00
    outer loop
      vertex 4.854102e-03 -3.526712e-03 8.268500e-02
      vertex 4.854102e-03 -3.526712e-03 1.626850e-01
      vertex 4.596267e-03 -3.856726e-03 1.626850e-01
    endloop
  endfacet
  facet normal 8.290376e-01 -5.591929e-01 0.000000e+00
    outer loop
      vertex 4.854102e-03 -3.526712e-03 8.268500e-02
      vertex 5.088289e-03 -3.179516e-03 8.268500e-02
      vertex 4.854102e-03 -3.526712e-03 1.626850e-01
    endloop
  endfacet
  facet normal 8.290376e-01 -5.591929e-01 0.000000e+00
    outer loop
      vertex 5.088289e-03 -3.179516e-03 8.268500e-02
      vertex 5.088289e-03 -3.179516e-03 1.626850e-01
      vertex 4.854102e-03 -3.526712e-03 1.626850e-01
    endloop
  endfacet
  facet normal 8.660254e-01 -5.000000e-01 0.000000e+00
    outer loop
      vertex 5.088289e-03 -3.179516e-03 8.268500e-02
      vertex 5.297686e-03 -2.816829e-03 8.268500e-02
      vertex 5.088289e-03 -3.179516e-03 1.626850e-01
    endloop
  endfacet
  facet normal 8.660254e-01 -5.000000e-01 0.000000e+00
    outer loop
      vertex 5.297686e-03 -2.816829e-03 8.268500e-02
      vertex 5.297686e-03 -2.816829e-03 1.626850e-01
      vertex 5.088289e-03 -3.179516e-03 1.626850e-01
    endloop
  endfacet
  facet normal 8.987940e-01 -4.383711e-01 0.000000e+00
    outer loop
      vertex 5.297686e-03 -2.816829e-03 8.268500e-02
      vertex 5.481273e-03 -2.440420e-03 8.268500e-02
      vertex 5.297686e-03 -2.816829e-03 1.626850e-01
    endloop
  endfacet
  facet normal 8.987940e-01 -4.383711e-01 0.000000e+00
    outer loop
      vertex 5.481273e-03 -2.440420e-03 8.268500e-02
      vertex 5.481273e-03 -2.440420e-03 1.626850e-01
      vertex 5.297686e-03 -2.816829e-03 1.626850e-01
    endloop
  endfacet
  facet normal 9.271839e-01 -3.746066e-01 0.000000e+00
    outer loop
      vertex 5.481273e-03 -2.440420e-03 8.268500e-02
      vertex 5.638156e-03 -2.052121e-03 8.268500e-02
      vertex 5.481273e-03 -2.440420e-03 1.626850e-01
    endloop
  endfacet
  facet normal 9.271839e-01 -3.746066e-01 0.000000e+00
    outer loop
      vertex 5.638156e-03 -2.052121e-03 8.268500e-02
      vertex 5.638156e-03 -2.052121e-03 1.626850e-01
      vertex 5.481273e-03 -2.440420e-03 1.626850e-01
    endloop
  endfacet
  facet normal 9.510565e-01 -3.090170e-01 0.000000e+00
    outer loop
      vertex 5.638156e-03 -2.052121e-03 8.268500e-02
      vertex 5.767570e-03 -1.653824e-03 8.268500e-02
      vertex 5.638156e-03 -2.052121e-03 1.626850e-01
    endloop
  endfacet
  facet normal 9.510565e-01 -3.090170e-01 0.000000e+00
    outer loop
      vertex 5.767570e-03 -1.653824e-03 8.268500e-02
      vertex 5.767570e-03 -1.653824e-03 1.626850e-01
      vertex 5.638156e-03 -2.052121e-03 1.626850e-01
    endloop
  endfacet
  facet normal 9.702957e-01 -2.419219e-01 0.000000e+00
    outer loop
      vertex 5.767570e-03 -1.653824e-03 8.268500e-02
      vertex 5.868886e-03 -1.247470e-03 8.268500e-02
      vertex 5.767570e-03 -1.653824e-03 1.626850e-01
    endloop
  endfacet
  facet normal 9.702957e-01 -2.419219e-01 0.000000e+00
    outer loop
      vertex 5.868886e-03 -1.247470e-03 8.268500e-02
      vertex 5.868886e-03 -1.247470e-03 1.626850e-01
      vertex 5.767570e-03 -1.653824e-03 1.626850e-01
    endloop
  endfacet
  facet normal 9.848078e-01 -1.736482e-01 0.000000e+00
    outer loop
      vertex 5.868886e-03 -1.247470e-03 8.268500e-02
      vertex 5.941608e-03 -8.350386e-04 8.268500e-02
      vertex 5.868886e-03 -1.247470e-03 1.626850e-01
    endloop
  endfacet
  facet normal 9.848078e-01 -1.736482e-01 0.000000e+00
    outer loop
      vertex 5.941608e-03 -8.350386e-04 8.268500e-02
      vertex 5.941608e-03 -8.350386e-04 1.626850e-01
      vertex 5.868886e-03 -1.247470e-03 1.626850e-01
    endloop
  endfacet
  facet normal 9.945219e-01 -1.045285e-01 0.000000e+00
    outer loop
      vertex 5.941608e-03 -8.350386e-04 8.268500e-02
      vertex 5.985384e-03 -4.185388e-04 8.268500e-02
      vertex 5.941608e-03 -8.350386e-04 1.626850e-01
    endloop
  endfacet
  facet normal 9.945219e-01 -1.045285e-01 0.000000e+00
    outer loop
      vertex 5.985384e-03 -4.185388e-04 8.268500e-02
      vertex 5.985384e-03 -4.185388e-04 1.626850e-01
      vertex 5.941608e-03 -8.350386e-04 1.626850e-01
    endloop
  endfacet
  facet normal 9.993908e-01 -3.489950e-02 0.000000e+00
    outer loop
      vertex 5.985384e-03 -4.185388e-04 8.268500e-02
      vertex 6.000000e-03 -1.469576e-18 8.268500e-02
      vertex 5.985384e-03 -4.185388e-04 1.626850e-01
    endloop
  endfacet
  facet normal 9.993908e-01 -3.489950e-02 0.000000e+00
    outer loop
      vertex 6.000000e-03 -1.469576e-18 8.268500e-02
      vertex 6.000000e-03 -1.469576e-18 1.626850e-01
      vertex 5.985384e-03 -4.185388e-04 1.626850e-01
    endloop
  endfacet
endsolid fda_nozzle_wall
